{
  "version": "v15",
  "label": "sample_000",
  "seed": 43,
  "morphometrics": {
    "BVTV": 0.293792724609375,
    "TbTh_um_p50": 156.0,
    "TbTh_um_p90": 312.0,
    "TbSp_um_p50": 270.19992598074487,
    "TbSp_um_p90": 599.1293683337514,
    "TbN_per_mm": 1.7252201329882884,
    "Euler": -60.0,
    "ConnProxy": 61.0,
    "n_components": 1,
    "lcc_frac": 1.0
  },
  "targets": {
    "bvtv_target": 0.3,
    "tbth_um_target": 216.5957674841755,
    "tbn_target": 1.3850686164581587,
    "tbsp_um_target": 700.0
  },
  "validation": {
    "BV/TV": {
      "measured": 0.293792724609375,
      "target": 0.3,
      "rel_error": 0.020690917968749965,
      "pass": true
    },
    "Tb.Th": {
      "measured": 156.0,
      "target": 216.5957674841755,
      "rel_error": 0.27976431944175745,
      "pass": false
    },
    "Tb.N": {
      "measured": 1.7252201329882884,
      "target": 1.3850686164581587,
      "rel_error": 0.24558459594583212,
      "pass": false
    },
    "Tb.Sp": {
      "measured": 270.19992598074487,
      "target": 700.0,
      "rel_error": 0.6140001057417931,
      "pass": false
    },
    "LCC": {
      "lcc_frac": 1.0,
      "pass": true
    }
  },
  "tamimi_warnings": [],
  "skeleton_stats": {
    "skel_voxels": 22640,
    "junctions": 20770,
    "endpoints": 565,
    "ej_ratio": 0.02720269619643717
  },
  "thick_info": {
    "base_r": 2.7768688138996858,
    "min_r": 0.8330606441699057,
    "scale": 1.231324627995491,
    "bvtv_tgt": 0.3,
    "bvtv_got": 0.3000030517578125
  },
  "params": {
    "ridge": {
      "base_sigma": 5.0,
      "warp_sigma": 14.0,
      "warp_amp": 2.5,
      "hessian_sigma": 1.4,
      "ridge_strength": 1.0,
      "proto_q_hi": 0.88,
      "proto_q_lo": 0.8,
      "proto_close_iters": 3,
      "proto_open_iters": 0,
      "proto_min_component": 400,
      "use_skeleton": true,
      "skeleton_prune_lmin": 8,
      "reconnect_close_iters": 3,
      "radius_mode": "branch",
      "radius_jitter": 0.1,
      "radius_smooth_sigma": 3.0,
      "radius_scale_hint": 1.0,
      "prune_small_components": 0,
      "aniso_ratio": 2.0
    },
    "gray": {
      "write_gray": true,
      "marrow_mean": 20.0,
      "bone_mean": 60.0,
      "solid_fill_sigma": 2.0,
      "pve_sigma": 0.5,
      "noise_sd": 4.0,
      "bg_tex_sd": 2.0,
      "unsharp": 0.6,
      "unsharp_sigma": 0.8
    }
  },
  "shape_zyx": [
    40,
    128,
    128
  ],
  "voxel_um": 39.0
}