{
  "pipeline_version": "2.3",
  "fixes_applied": [
    "fix1_joint_sampling",
    "fix2_honest_lcc",
    "fix3_antifloor",
    "fix4_tbsp_sigma",
    "fix13_texture_features",
    "fix14_plate_mode"
  ],
  "generator_version": "v15",
  "timestamp": "2026-04-06T22:06:03.892916",
  "validation_gate": {
    "validates_on": "raw_morphology_before_keep_largest_component",
    "bvtv_rel_err_max": 0.08,
    "lcc_min": 0.95,
    "tbth_floor_um": 0.0,
    "tbsp_sigma_scale": 0.004
  },
  "joint_sampler": {
    "used": true,
    "n_sources": 18
  },
  "generation": {
    "num_samples_requested": 500,
    "num_samples_saved": 500,
    "shape": [
      40,
      128,
      128
    ],
    "voxel_um": 39.0,
    "plate_mode": true
  },
  "dimensionality_reduction": {
    "features_dir": "output\\v8_dataset\\features",
    "feature_type": "texture",
    "scaler": "robust",
    "results": {
      "PCA": {
        "n_components": 16,
        "variance_explained": 0.9948806166648865,
        "dist_preservation": null,
        "downstream_metrics": {
          "per_label": {
            "BVTV": {
              "r2": 0.8363557457923889,
              "mae": 0.011915607377886772
            },
            "TbTh_um_p50": {
              "r2": 0.9228093028068542,
              "mae": 7.285418510437012
            },
            "TbN_per_mm": {
              "r2": 0.944417417049408,
              "mae": 0.08300630748271942
            },
            "TbSp_um_p50": {
              "r2": 0.9360218048095703,
              "mae": 13.984945297241211
            }
          },
          "mean_r2": 0.9099010676145554,
          "mean_mae": 5.341321430634707
        }
      },
      "RP_gaussian": {
        "n_components": 16,
        "variance_explained": null,
        "dist_preservation": 0.9245396852493286,
        "downstream_metrics": {
          "per_label": {
            "BVTV": {
              "r2": 0.8423610925674438,
              "mae": 0.011417758651077747
            },
            "TbTh_um_p50": {
              "r2": 0.9276095032691956,
              "mae": 7.053011417388916
            },
            "TbN_per_mm": {
              "r2": 0.931766927242279,
              "mae": 0.09459024667739868
            },
            "TbSp_um_p50": {
              "r2": 0.9337133169174194,
              "mae": 14.464190483093262
            }
          },
          "mean_r2": 0.9088627099990845,
          "mean_mae": 5.4058024764526635
        }
      },
      "RP_sparse": {
        "n_components": 16,
        "variance_explained": null,
        "dist_preservation": 0.9711243510246277,
        "downstream_metrics": {
          "per_label": {
            "BVTV": {
              "r2": 0.8492556214332581,
              "mae": 0.011120306327939034
            },
            "TbTh_um_p50": {
              "r2": 0.9219183325767517,
              "mae": 7.218333721160889
            },
            "TbN_per_mm": {
              "r2": 0.9387630224227905,
              "mae": 0.090182363986969
            },
            "TbSp_um_p50": {
              "r2": 0.9358806610107422,
              "mae": 14.361466407775879
            }
          },
          "mean_r2": 0.9114544093608856,
          "mean_mae": 5.420275699812919
        }
      },
      "UMAP": {
        "n_components": 16,
        "variance_explained": null,
        "dist_preservation": null,
        "downstream_metrics": {
          "per_label": {
            "BVTV": {
              "r2": 0.8184725642204285,
              "mae": 0.010824756696820259
            },
            "TbTh_um_p50": {
              "r2": 0.9010741710662842,
              "mae": 7.667501449584961
            },
            "TbN_per_mm": {
              "r2": 0.8681021332740784,
              "mae": 0.1219821646809578
            },
            "TbSp_um_p50": {
              "r2": 0.898900032043457,
              "mae": 16.898523330688477
            }
          },
          "mean_r2": 0.871637225151062,
          "mean_mae": 6.174707925412804
        }
      },
      "PLS": {
        "n_components": 4,
        "variance_explained": null,
        "dist_preservation": null,
        "downstream_metrics": {
          "per_label": {
            "BVTV": {
              "r2": 0.832052736946389,
              "mae": 0.011728747168456365
            },
            "TbTh_um_p50": {
              "r2": 0.9252601027764975,
              "mae": 7.239192312083638
            },
            "TbN_per_mm": {
              "r2": 0.9415483909269438,
              "mae": 0.08604452645271164
            },
            "TbSp_um_p50": {
              "r2": 0.9364078247197503,
              "mae": 13.941802664465659
            }
          },
          "mean_r2": 0.9088172638423951,
          "mean_mae": 5.319692062542616
        }
      }
    },
    "quantum_files": {
      "PCA": "output\\v8_dataset\\features\\pca_quantum_ready.npz",
      "RP_gaussian": "output\\v8_dataset\\features\\rp_gaussian_quantum_ready.npz",
      "RP_sparse": "output\\v8_dataset\\features\\rp_sparse_quantum_ready.npz",
      "UMAP": "output\\v8_dataset\\features\\umap_quantum_ready.npz",
      "PLS": "output\\v8_dataset\\features\\pls_quantum_ready.npz"
    },
    "n_train": 400,
    "n_test": 100
  }
}