{
  "version": "v15 (v14-core, pooled)",
  "sample_label": "sample_000",
  "seed": 43,
  "morphometrics": {
    "BVTV": 0.384613037109375,
    "TbTh_um_p50": 110.30865786510142,
    "TbTh_um_p90": 191.06019993708787,
    "TbSp_um_p50": 135.09996299037243,
    "TbSp_um_p90": 281.23299948619115,
    "TbN_per_mm": 3.1484278945474244,
    "Euler": -559.0,
    "ConnProxy": 560.0,
    "n_components": 1,
    "lcc_frac": 1.0
  },
  "targets": {
    "bvtv_target": 0.38347745056872307,
    "tbth_um_target": 216.5957674841755,
    "tbn_target": 1.7704752730070774,
    "tbsp_um_target": 1500.0
  },
  "validation": {
    "BV/TV": {
      "measured": 0.384613037109375,
      "target": 0.38347745056872307,
      "rel_error": 0.00296128635195572,
      "tolerance": 0.05,
      "pass": true
    },
    "Tb.Th (p50, um)": {
      "measured": 110.30865786510142,
      "target": 216.5957674841755,
      "rel_error": 0.4907164662247586,
      "tolerance": 0.15,
      "pass": false
    },
    "Tb.N (/mm)": {
      "measured": 3.1484278945474244,
      "target": 1.7704752730070774,
      "rel_error": 0.7782953213460885,
      "tolerance": 0.2,
      "pass": false
    },
    "Tb.Sp (p50, um)": {
      "measured": 135.09996299037243,
      "target": 1500.0,
      "rel_error": 0.9099333580064184,
      "tolerance": 0.15,
      "pass": false
    },
    "Connectivity (LCC)": {
      "lcc_frac": 1.0,
      "n_components": 1,
      "pass": true,
      "note": "LCC >= 0.80 required"
    }
  },
  "tamimi_warnings": [
    "TbSp_um_p50=135.10 outside [150.0,1200.0] um"
  ],
  "skeleton_stats": {
    "skel_voxels": 24676,
    "junctions": 21041,
    "endpoints": 1061,
    "endpoint_junction_ratio": 0.0504253600114063
  },
  "thick_info": {
    "base_radius_vox": 2.7768688138996858,
    "min_radius_floor": 0.8330606441699057,
    "radius_mode": "branch",
    "scale_fit": 0.9139526188373566,
    "bvtv_target": 0.38347745056872307,
    "bvtv_after_thicken": 0.383477783203125,
    "warn_target_miss": false
  },
  "params": {
    "ridge": {
      "base_sigma": 3.6206415915478227,
      "warp_sigma": 14.0,
      "warp_amp": 4.8,
      "hessian_sigma": 1.4,
      "ridge_strength": 1.0,
      "proto_q_hi": 0.92,
      "proto_q_lo": 0.84,
      "proto_close_iters": 2,
      "proto_open_iters": 0,
      "proto_min_component": 400,
      "use_skeleton": true,
      "skeleton_prune_lmin": 8,
      "reconnect_close_iters": 3,
      "radius_mode": "branch",
      "radius_jitter": 0.15,
      "radius_smooth_sigma": 3.0,
      "radius_scale_hint": 1.0,
      "prune_small_components": 0
    },
    "gray": {
      "write_gray": true,
      "marrow_mean": 15.0,
      "bone_mean": 240.0,
      "solid_fill_sigma": 3.0,
      "pve_sigma": 0.5,
      "noise_sd": 3.0,
      "bg_tex_sd": 1.0,
      "unsharp": 0.6,
      "unsharp_sigma": 0.8
    }
  },
  "shape_zyx": [
    40,
    128,
    128
  ],
  "voxel_um": 39.0
}