{
  "version": "v15",
  "label": "sample_001",
  "seed": 44,
  "morphometrics": {
    "BVTV": 0.44658203125,
    "TbTh_um_p50": 156.0,
    "TbTh_um_p90": 321.60223879817755,
    "TbSp_um_p50": 174.4133022449836,
    "TbSp_um_p90": 420.0428549564913,
    "TbN_per_mm": 2.461598681020276,
    "Euler": -9.0,
    "ConnProxy": 10.0,
    "n_components": 1,
    "lcc_frac": 1.0
  },
  "targets": {
    "bvtv_target": 0.4464620493437137,
    "tbth_um_target": 100.0,
    "tbn_target": 4.0,
    "tbsp_um_target": 200.0
  },
  "validation": {
    "BV/TV": {
      "measured": 0.44658203125,
      "target": 0.4464620493437137,
      "rel_error": 0.00026873931717754046,
      "pass": true
    },
    "Tb.Th": {
      "measured": 156.0,
      "target": 100.0,
      "rel_error": 0.56,
      "pass": false
    },
    "Tb.N": {
      "measured": 2.461598681020276,
      "target": 4.0,
      "rel_error": 0.38460032974493097,
      "pass": false
    },
    "Tb.Sp": {
      "measured": 174.4133022449836,
      "target": 200.0,
      "rel_error": 0.12793348877508193,
      "pass": true
    },
    "LCC": {
      "lcc_frac": 1.0,
      "pass": true
    }
  },
  "tamimi_warnings": [],
  "skeleton_stats": {
    "skel_voxels": 7727,
    "junctions": 7580,
    "endpoints": 43,
    "ej_ratio": 0.0056728232189973615
  },
  "thick_info": {
    "base_r": 1.2820512820512822,
    "min_r": 0.5,
    "scale": 2.3673858642578125,
    "bvtv_tgt": 0.4464620493437137,
    "bvtv_got": 0.446484375
  },
  "params": {
    "ridge": {
      "base_sigma": 1.6025641025641026,
      "warp_sigma": 14.0,
      "warp_amp": 3.0,
      "hessian_sigma": 1.4,
      "ridge_strength": 1.0,
      "proto_q_hi": 0.92,
      "proto_q_lo": 0.84,
      "proto_close_iters": 2,
      "proto_open_iters": 0,
      "proto_min_component": 400,
      "use_skeleton": true,
      "skeleton_prune_lmin": 8,
      "reconnect_close_iters": 3,
      "radius_mode": "branch",
      "radius_jitter": 0.15,
      "radius_smooth_sigma": 3.0,
      "radius_scale_hint": 1.0,
      "prune_small_components": 0,
      "aniso_ratio": 3.0
    },
    "gray": {
      "write_gray": true,
      "marrow_mean": 15.0,
      "bone_mean": 240.0,
      "solid_fill_sigma": 3.0,
      "pve_sigma": 0.5,
      "noise_sd": 4.0,
      "bg_tex_sd": 2.0,
      "unsharp": 0.6,
      "unsharp_sigma": 0.8
    }
  },
  "shape_zyx": [
    20,
    64,
    64
  ],
  "voxel_um": 39.0
}