{
  "version": "v15_honeycomb",
  "label": "sample_004",
  "seed": 105,
  "morphometrics": {
    "BVTV": 0.0178741455078125,
    "TbTh_um_p50": 135.09996299037243,
    "TbTh_um_p90": 270.19992598074487,
    "TbSp_um_p50": 1596.6201802557803,
    "TbSp_um_p90": 2712.1128295113385,
    "TbN_per_mm": 0.11638999681194857,
    "Euler": 1.0,
    "ConnProxy": 0.0,
    "n_components": 1,
    "lcc_frac": 1.0
  },
  "targets": {
    "bvtv_target": 0.38,
    "tbth_um_target": 120.0,
    "tbn_target": 3.166666666666667,
    "tbsp_um_target": 200.0
  },
  "validation": {
    "BV/TV": {
      "measured": 0.0178741455078125,
      "target": 0.38,
      "rel_error": 0.9529627749794407,
      "pass": false
    },
    "Tb.Th": {
      "measured": 135.09996299037243,
      "target": 120.0,
      "rel_error": 0.12583302491977028,
      "pass": true
    },
    "Tb.N": {
      "measured": 0.11638999681194857,
      "target": 3.166666666666667,
      "rel_error": 0.9632452641646478,
      "pass": false
    },
    "Tb.Sp": {
      "measured": 1596.6201802557803,
      "target": 200.0,
      "rel_error": 6.983100901278902,
      "pass": false
    },
    "LCC": {
      "lcc_frac": 1.0,
      "pass": true
    }
  },
  "tamimi_warnings": [
    "BVTV=0.02 outside [0.05,0.5]",
    "TbN_per_mm=0.12 outside [0.5,5.0]",
    "TbSp_um_p50=1596.62 outside [150.0,1200.0]"
  ],
  "skeleton_stats": {
    "skel_voxels": 133,
    "junctions": 11,
    "endpoints": 8,
    "ej_ratio": 0.7272727272727273
  },
  "thick_info": {
    "base_r": 1.5384615384615385,
    "min_r": 0.5,
    "scale": 2.99462890625,
    "bvtv_tgt": 0.38,
    "bvtv_got": 0.0178741455078125,
    "warn_target_miss": true
  },
  "params": {
    "ridge": {
      "base_sigma": 1.5,
      "warp_sigma": 12.0,
      "warp_amp": 1.8,
      "hessian_sigma": 1.4,
      "ridge_strength": 1.0,
      "proto_q_hi": 0.78,
      "proto_q_lo": 0.65,
      "proto_close_iters": 3,
      "proto_open_iters": 0,
      "proto_min_component": 400,
      "use_skeleton": true,
      "skeleton_prune_lmin": 8,
      "reconnect_close_iters": 3,
      "radius_mode": "branch",
      "radius_jitter": 0.04,
      "radius_smooth_sigma": 3.0,
      "radius_scale_hint": 1.0,
      "prune_small_components": 0,
      "aniso_ratio": 1.0,
      "plate_weight": 0.7,
      "rod_weight": 0.3
    },
    "gray": {
      "write_gray": true,
      "marrow_mean": 15.0,
      "bone_mean": 90.0,
      "solid_fill_sigma": 0.8,
      "pve_sigma": 0.5,
      "noise_sd": 2.0,
      "bg_tex_sd": 0.5,
      "unsharp": 0.6,
      "unsharp_sigma": 0.8
    }
  },
  "shape_zyx": [
    40,
    128,
    128
  ],
  "voxel_um": 39.0
}