{
  "version": "v15",
  "label": "sample_001",
  "seed": 102,
  "morphometrics": {
    "BVTV": 0.29941864013671876,
    "TbTh_um_p50": 110.30865786510142,
    "TbTh_um_p90": 234.0,
    "TbSp_um_p50": 191.06019993708787,
    "TbSp_um_p90": 397.7235220602372,
    "TbN_per_mm": 2.1246820018409074,
    "Euler": -226.0,
    "ConnProxy": 227.0,
    "n_components": 1,
    "lcc_frac": 1.0
  },
  "targets": {
    "bvtv_target": 0.3,
    "tbth_um_target": 240.0,
    "tbn_target": 1.25,
    "tbsp_um_target": 700.0
  },
  "validation": {
    "BV/TV": {
      "measured": 0.29941864013671876,
      "target": 0.3,
      "rel_error": 0.001937866210937426,
      "pass": true
    },
    "Tb.Th": {
      "measured": 110.30865786510142,
      "target": 240.0,
      "rel_error": 0.540380592228744,
      "pass": false
    },
    "Tb.N": {
      "measured": 2.1246820018409074,
      "target": 1.25,
      "rel_error": 0.6997456014727259,
      "pass": false
    },
    "Tb.Sp": {
      "measured": 191.06019993708787,
      "target": 700.0,
      "rel_error": 0.7270568572327316,
      "pass": false
    },
    "LCC": {
      "lcc_frac": 1.0,
      "pass": true
    }
  },
  "tamimi_warnings": [],
  "skeleton_stats": {
    "skel_voxels": 40137,
    "junctions": 37490,
    "endpoints": 825,
    "ej_ratio": 0.02200586823152841
  },
  "thick_info": {
    "base_r": 3.076923076923077,
    "min_r": 0.9230769230769231,
    "scale": 0.7976312637329102,
    "bvtv_tgt": 0.3,
    "bvtv_got": 0.3000030517578125
  },
  "params": {
    "ridge": {
      "base_sigma": 4.5,
      "warp_sigma": 8.0,
      "warp_amp": 1.0,
      "hessian_sigma": 1.2,
      "ridge_strength": 1.0,
      "proto_q_hi": 0.83,
      "proto_q_lo": 0.72,
      "proto_close_iters": 2,
      "proto_open_iters": 0,
      "proto_min_component": 400,
      "use_skeleton": true,
      "skeleton_prune_lmin": 8,
      "reconnect_close_iters": 3,
      "radius_mode": "branch",
      "radius_jitter": 0.03,
      "radius_smooth_sigma": 3.0,
      "radius_scale_hint": 1.0,
      "prune_small_components": 0,
      "aniso_ratio": 1.0
    },
    "gray": {
      "write_gray": true,
      "marrow_mean": 15.0,
      "bone_mean": 90.0,
      "solid_fill_sigma": 0.8,
      "pve_sigma": 0.5,
      "noise_sd": 5.0,
      "bg_tex_sd": 2.0,
      "unsharp": 0.6,
      "unsharp_sigma": 0.8
    }
  },
  "shape_zyx": [
    40,
    128,
    128
  ],
  "voxel_um": 39.0
}