{
  "version": "v15",
  "label": "sample_012",
  "seed": 55,
  "morphometrics": {
    "BVTV": 0.303125,
    "TbTh_um_p50": 135.09996299037243,
    "TbTh_um_p90": 246.6576574931336,
    "TbSp_um_p50": 234.0,
    "TbSp_um_p90": 780.0,
    "TbN_per_mm": 2.0374875982020146,
    "Euler": -8.0,
    "ConnProxy": 9.0,
    "n_components": 1,
    "lcc_frac": 1.0
  },
  "targets": {
    "bvtv_target": 0.3420061665839006,
    "tbth_um_target": 280.0,
    "tbn_target": 1.221450594942502,
    "tbsp_um_target": 313.2851188395148
  },
  "validation": {
    "BV/TV": {
      "measured": 0.303125,
      "target": 0.3420061665839006,
      "rel_error": 0.11368557173182528,
      "pass": false
    },
    "Tb.Th": {
      "measured": 135.09996299037243,
      "target": 280.0,
      "rel_error": 0.5175001321772413,
      "pass": false
    },
    "Tb.N": {
      "measured": 2.0374875982020146,
      "target": 1.221450594942502,
      "rel_error": 0.6680884242378434,
      "pass": false
    },
    "Tb.Sp": {
      "measured": 234.0,
      "target": 313.2851188395148,
      "rel_error": 0.25307655573685206,
      "pass": false
    },
    "LCC": {
      "lcc_frac": 1.0,
      "pass": true
    }
  },
  "tamimi_warnings": [],
  "skeleton_stats": {
    "skel_voxels": 623,
    "junctions": 304,
    "endpoints": 90,
    "ej_ratio": 0.29605263157894735
  },
  "thick_info": {
    "base_r": 3.58974358974359,
    "min_r": 1.0769230769230769,
    "scale": 1.1034793853759766,
    "bvtv_tgt": 0.3420061665839006,
    "bvtv_got": 0.34195556640625
  },
  "params": {
    "ridge": {
      "base_sigma": 5.248068515254326,
      "warp_sigma": 14.0,
      "warp_amp": 3.0,
      "hessian_sigma": 1.4,
      "ridge_strength": 1.0,
      "proto_q_hi": 0.92,
      "proto_q_lo": 0.84,
      "proto_close_iters": 2,
      "proto_open_iters": 0,
      "proto_min_component": 400,
      "use_skeleton": true,
      "skeleton_prune_lmin": 8,
      "reconnect_close_iters": 3,
      "radius_mode": "branch",
      "radius_jitter": 0.15,
      "radius_smooth_sigma": 3.0,
      "radius_scale_hint": 1.0,
      "prune_small_components": 0,
      "aniso_ratio": 3.0
    },
    "gray": {
      "write_gray": true,
      "marrow_mean": 15.0,
      "bone_mean": 240.0,
      "solid_fill_sigma": 3.0,
      "pve_sigma": 0.5,
      "noise_sd": 4.0,
      "bg_tex_sd": 2.0,
      "unsharp": 0.6,
      "unsharp_sigma": 0.8
    }
  },
  "shape_zyx": [
    20,
    64,
    64
  ],
  "voxel_um": 39.0
}