{
  "task": "classify-bvtv",
  "n_datasets": 10,
  "num_samples": 500,
  "total_hours": 27.74116200566292,
  "results": {
    "umap": {
      "classical_accs": [
        0.7,
        0.71,
        0.76,
        0.62,
        0.73,
        0.71,
        0.77,
        0.71,
        0.78,
        0.72
      ],
      "quantum_accs": [
        0.74,
        0.7,
        0.78,
        0.66,
        0.62,
        0.7,
        0.66,
        0.67,
        0.73,
        0.65
      ],
      "mean_diff": -0.02999999999999998,
      "t_stat": -1.7008401285415216,
      "df": 9,
      "p_value": 0.12318574643884395,
      "p_wilcoxon": 0.193359375,
      "q_wins": 3,
      "n_datasets": 10
    }
  }
}