{
  "version": "v15.3_zerocross",
  "label": "sample_003",
  "seed": 104,
  "morphometrics": {
    "BVTV": 0.347906494140625,
    "TbTh_um_p50": 78.0,
    "TbTh_um_p90": 135.09996299037243,
    "TbSp_um_p50": 110.30865786510142,
    "TbSp_um_p90": 191.06019993708787,
    "TbN_per_mm": 3.8279241931589034,
    "Euler": -1193.0,
    "ConnProxy": 1194.0,
    "n_components": 1,
    "lcc_frac": 1.0
  },
  "targets": {
    "bvtv_target": 0.35,
    "tbth_um_target": 180.0,
    "tbn_target": 1.9444444444444444,
    "tbsp_um_target": 595.0480358521751
  },
  "validation": {
    "BV/TV": {
      "measured": 0.347906494140625,
      "target": 0.35,
      "rel_error": 0.005981445312499873,
      "pass": true
    },
    "Tb.Th": {
      "measured": 78.0,
      "target": 180.0,
      "rel_error": 0.5666666666666667,
      "pass": false
    },
    "Tb.N": {
      "measured": 3.8279241931589034,
      "target": 1.9444444444444444,
      "rel_error": 0.9686467279102932,
      "pass": false
    },
    "Tb.Sp": {
      "measured": 110.30865786510142,
      "target": 595.0480358521751,
      "rel_error": 0.8146222637183784,
      "pass": false
    },
    "LCC": {
      "lcc_frac": 1.0,
      "pass": true
    }
  },
  "tamimi_warnings": [
    "TbTh_um_p50=78.00 outside [80.0,300.0]",
    "TbSp_um_p50=110.31 outside [150.0,1200.0]"
  ],
  "skeleton_stats": {},
  "thick_info": {
    "mode": "plate_direct",
    "plate_weight": 0.7,
    "rod_weight": 0.3,
    "calibration": {
      "bvtv_target": 0.35,
      "bvtv_got": 0.347906494140625,
      "wall_thickness": 0.3928499913215637,
      "best_err": 0.0020935058593749556
    },
    "used_skeleton": false
  },
  "params": {
    "ridge": {
      "base_sigma": 2.0,
      "warp_sigma": 10.0,
      "warp_amp": 1.5,
      "hessian_sigma": 1.4,
      "ridge_strength": 1.0,
      "proto_q_hi": 0.78,
      "proto_q_lo": 0.65,
      "proto_close_iters": 1,
      "proto_open_iters": 0,
      "proto_min_component": 400,
      "use_skeleton": true,
      "skeleton_prune_lmin": 8,
      "reconnect_close_iters": 3,
      "radius_mode": "branch",
      "radius_jitter": 0.04,
      "radius_smooth_sigma": 3.0,
      "radius_scale_hint": 1.0,
      "prune_small_components": 0,
      "aniso_ratio": 1.0,
      "plate_weight": 0.7,
      "rod_weight": 0.3
    },
    "gray": {
      "write_gray": true,
      "marrow_mean": 25.0,
      "bone_mean": 75.0,
      "solid_fill_sigma": 1.2,
      "pve_sigma": 0.5,
      "noise_sd": 3.0,
      "bg_tex_sd": 1.5,
      "unsharp": 0.6,
      "unsharp_sigma": 0.8
    }
  },
  "shape_zyx": [
    40,
    128,
    128
  ],
  "voxel_um": 39.0
}