{
  "version": "v16",
  "label": "sample_004",
  "seed": 2099,
  "best_connectivity_score": 2299.9999999989623,
  "connectivity": {
    "score": 2299.9999999989623,
    "junctions": 57960,
    "endpoints": 0,
    "ej_ratio": 0.0
  },
  "morphometrics": {
    "BVTV": 0.35076904296875,
    "TbTh_um_p50": 110.30865786510142,
    "TbTh_um_p90": 174.4133022449836,
    "TbSp_um_p50": 220.61731573020285,
    "TbSp_um_p90": 599.1293683337514,
    "TbN_per_mm": 2.9663560646266465,
    "Euler": 81.0,
    "ConnProxy": -80.0,
    "n_components": 1,
    "lcc_frac": 1.0
  },
  "targets": {
    "bvtv_target": 0.35,
    "tbth_um_target": 180.0,
    "tbn_target": 1.9444444444444444,
    "tbsp_um_target": 200.0
  },
  "validation": {
    "BV/TV": {
      "measured": 0.35076904296875,
      "target": 0.35,
      "rel_error": 0.0021972656250000638,
      "tolerance": 0.05,
      "pass": true
    },
    "Tb.Th": {
      "measured": 110.30865786510142,
      "target": 180.0,
      "rel_error": 0.38717412297165876,
      "tolerance": 0.15,
      "pass": false
    },
    "Tb.N": {
      "measured": 2.9663560646266465,
      "target": 1.9444444444444444,
      "rel_error": 0.5255545475222754,
      "tolerance": 0.2,
      "pass": false
    },
    "Tb.Sp": {
      "measured": 220.61731573020285,
      "target": 200.0,
      "rel_error": 0.10308657865101424,
      "tolerance": 0.15,
      "pass": true
    },
    "Connectivity (LCC)": {
      "lcc_frac": 1.0,
      "n_components": 1,
      "pass": true
    }
  },
  "tamimi_warnings": [],
  "skeleton_stats": {
    "skel_voxels": 57960,
    "junctions": 57960,
    "endpoints": 0,
    "ej_ratio": 0.0
  },
  "component_stats": {
    "n_components": 1,
    "lcc_frac": 1.0
  },
  "thick_info": {
    "base_r": 2.3076923076923075,
    "min_r": 0.6923076923076922,
    "scale": 0.8419385254383087,
    "bvtv_tgt": 0.35,
    "bvtv_got": 0.35076904296875,
    "warn_target_miss": false
  },
  "proto_info": {
    "hysteresis": {
      "thr_lo": 0.10099514573812485,
      "thr_hi": 0.14476989209651947
    },
    "used_skeleton": true,
    "skel_mode": "skimage",
    "prune": {
      "prune_lmin": 6,
      "vox_removed": 0
    },
    "rod_weight": 0.2,
    "plate_weight": 0.8
  },
  "params": {
    "ridge": {
      "base_sigma": 2.8,
      "warp_sigma": 14.0,
      "warp_amp": 3.0,
      "hessian_sigma": 1.4,
      "ridge_strength": 1.0,
      "proto_q_hi": 0.8,
      "proto_q_lo": 0.68,
      "proto_close_iters": 2,
      "proto_open_iters": 0,
      "proto_min_component": 250,
      "use_skeleton": true,
      "skeleton_prune_lmin": 6,
      "reconnect_close_iters": 0,
      "radius_mode": "branch",
      "radius_jitter": 0.08,
      "radius_smooth_sigma": 3.0,
      "radius_scale_hint": 1.0,
      "prune_small_components": 0,
      "aniso_ratio": 1.1,
      "rod_weight": 0.2,
      "plate_weight": 0.8,
      "coarse_weight": 0.5,
      "medium_weight": 0.35,
      "fine_weight": 0.15,
      "sheet_q": 0.88,
      "bridge_dilate_iters": 0,
      "bridge_close_iters": 0
    },
    "gray": {
      "write_gray": true,
      "marrow_mean": 15.0,
      "bone_mean": 70.0,
      "solid_fill_sigma": 1.2,
      "pve_sigma": 0.5,
      "noise_sd": 4.0,
      "bg_tex_sd": 2.0,
      "unsharp": 0.6,
      "unsharp_sigma": 0.8
    },
    "retry_attempts": 4,
    "round_sigma": 0.4
  },
  "shape_zyx": [
    40,
    128,
    128
  ],
  "voxel_um": 39.0
}