{
  "version": "v16",
  "label": "sample_033",
  "seed": 41,
  "morphometrics": {
    "BVTV": 0.17052764892578126,
    "TbTh_um_p50": 78.0,
    "TbTh_um_p90": 156.0,
    "TbSp_um_p50": 191.06019993708787,
    "TbSp_um_p90": 420.0428549564913,
    "TbN_per_mm": 1.7061132889836101,
    "Euler": -258.0,
    "ConnProxy": 259.0,
    "n_components": 1,
    "lcc_frac": 1.0
  },
  "morphometrics_raw": {
    "BVTV": 0.17144775390625,
    "TbTh_um_p50": 78.0,
    "TbTh_um_p90": 156.0,
    "TbSp_um_p50": 191.06019993708787,
    "TbSp_um_p90": 397.7235220602372,
    "TbN_per_mm": 1.715812373907823,
    "Euler": -257.0,
    "ConnProxy": 258.0,
    "n_components": 2,
    "lcc_frac": 0.9946333214667141
  },
  "targets": {
    "bvtv_target": 0.18475264416554846,
    "tbth_um_target": 231.5120568248359,
    "tbn_target": 0.7980260151432803,
    "tbsp_um_target": 409.1973319445531
  },
  "params": {
    "ridge": {
      "base_sigma": 6.636789327778213,
      "warp_sigma": 14.0,
      "warp_amp": 3.0,
      "hessian_sigma": 1.4,
      "ridge_strength": 1.0,
      "proto_q_hi": 0.92,
      "proto_q_lo": 0.84,
      "proto_close_iters": 2,
      "proto_open_iters": 0,
      "proto_min_component": 400,
      "use_skeleton": true,
      "skeleton_prune_lmin": 8,
      "reconnect_close_iters": 3,
      "radius_mode": "branch",
      "radius_jitter": 0.15,
      "radius_smooth_sigma": 3.0,
      "radius_scale_hint": 1.0,
      "prune_small_components": 0,
      "aniso_ratio": 3.0,
      "rod_weight": 1.0,
      "plate_weight": 0.0,
      "coarse_weight": 0.5,
      "medium_weight": 0.35,
      "fine_weight": 0.15,
      "sheet_q": 0.92,
      "bridge_dilate_iters": 0,
      "bridge_close_iters": 0
    },
    "gray": {
      "write_gray": true,
      "marrow_mean": 15.0,
      "bone_mean": 240.0,
      "solid_fill_sigma": 3.0,
      "pve_sigma": 0.5,
      "noise_sd": 3.0,
      "bg_tex_sd": 1.0,
      "unsharp": 0.6,
      "unsharp_sigma": 0.8
    },
    "bs_tbsp_adjusted": 6.636789327778213,
    "tbsp_target": 409.1973319445531
  },
  "shape_zyx": [
    40,
    128,
    128
  ],
  "voxel_um": 39.0
}