{
  "version": "v16",
  "label": "sample_227",
  "seed": 235,
  "morphometrics": {
    "BVTV": 0.1910797119140625,
    "TbTh_um_p50": 78.0,
    "TbTh_um_p90": 156.0,
    "TbSp_um_p50": 191.06019993708787,
    "TbSp_um_p90": 405.2998889711173,
    "TbN_per_mm": 1.8369427177885995,
    "Euler": -281.0,
    "ConnProxy": 282.0,
    "n_components": 1,
    "lcc_frac": 1.0
  },
  "morphometrics_raw": {
    "BVTV": 0.1936859130859375,
    "TbTh_um_p50": 78.0,
    "TbTh_um_p90": 156.0,
    "TbSp_um_p50": 191.06019993708787,
    "TbSp_um_p90": 397.7235220602372,
    "TbN_per_mm": 1.8630570822235029,
    "Euler": -281.0,
    "ConnProxy": 282.0,
    "n_components": 3,
    "lcc_frac": 0.9865441883183387
  },
  "targets": {
    "bvtv_target": 0.20360530017492987,
    "tbth_um_target": 179.23018414908321,
    "tbn_target": 1.1359989453872987,
    "tbsp_um_target": 505.834115093557
  },
  "params": {
    "ridge": {
      "base_sigma": 7.023336460374228,
      "warp_sigma": 14.0,
      "warp_amp": 3.0,
      "hessian_sigma": 1.4,
      "ridge_strength": 1.0,
      "proto_q_hi": 0.92,
      "proto_q_lo": 0.84,
      "proto_close_iters": 2,
      "proto_open_iters": 0,
      "proto_min_component": 400,
      "use_skeleton": true,
      "skeleton_prune_lmin": 8,
      "reconnect_close_iters": 3,
      "radius_mode": "branch",
      "radius_jitter": 0.15,
      "radius_smooth_sigma": 3.0,
      "radius_scale_hint": 1.0,
      "prune_small_components": 0,
      "aniso_ratio": 3.0,
      "rod_weight": 1.0,
      "plate_weight": 0.0,
      "coarse_weight": 0.5,
      "medium_weight": 0.35,
      "fine_weight": 0.15,
      "sheet_q": 0.92,
      "bridge_dilate_iters": 0,
      "bridge_close_iters": 0
    },
    "gray": {
      "write_gray": true,
      "marrow_mean": 15.0,
      "bone_mean": 240.0,
      "solid_fill_sigma": 3.0,
      "pve_sigma": 0.5,
      "noise_sd": 3.0,
      "bg_tex_sd": 1.0,
      "unsharp": 0.6,
      "unsharp_sigma": 0.8
    },
    "bs_tbsp_adjusted": 7.023336460374228,
    "tbsp_target": 505.834115093557
  },
  "shape_zyx": [
    40,
    128,
    128
  ],
  "voxel_um": 39.0
}