{
  "version": "v15",
  "label": "sample_000",
  "seed": 101,
  "morphometrics": {
    "BVTV": 0.23739337921142578,
    "TbTh_um_p50": 110.30865786510142,
    "TbTh_um_p90": 234.0,
    "TbSp_um_p50": 234.0,
    "TbSp_um_p90": 511.480204895556,
    "TbN_per_mm": 1.7545104191551357,
    "Euler": -975.0,
    "ConnProxy": 976.0,
    "n_components": 1,
    "lcc_frac": 1.0
  },
  "targets": {
    "bvtv_target": 0.23863098454840032,
    "tbth_um_target": 280.0,
    "tbn_target": 0.8522535162442868,
    "tbsp_um_target": 900.0
  },
  "validation": {
    "BV/TV": {
      "measured": 0.23739337921142578,
      "target": 0.23863098454840032,
      "rel_error": 0.005186272601257768,
      "pass": true
    },
    "Tb.Th": {
      "measured": 110.30865786510142,
      "target": 280.0,
      "rel_error": 0.6060405076246378,
      "pass": false
    },
    "Tb.N": {
      "measured": 1.7545104191551357,
      "target": 0.8522535162442868,
      "rel_error": 1.05867196287663,
      "pass": false
    },
    "Tb.Sp": {
      "measured": 234.0,
      "target": 900.0,
      "rel_error": 0.74,
      "pass": false
    },
    "LCC": {
      "lcc_frac": 1.0,
      "pass": true
    }
  },
  "tamimi_warnings": [],
  "skeleton_stats": {
    "skel_voxels": 68296,
    "junctions": 50707,
    "endpoints": 5006,
    "ej_ratio": 0.09872404204547695
  },
  "thick_info": {
    "base_r": 3.58974358974359,
    "min_r": 1.0769230769230769,
    "scale": 0.8897174596786499,
    "bvtv_tgt": 0.23863098454840032,
    "bvtv_got": 0.23863067626953124
  },
  "params": {
    "ridge": {
      "base_sigma": 7.521537063883463,
      "warp_sigma": 14.0,
      "warp_amp": 3.0,
      "hessian_sigma": 1.4,
      "ridge_strength": 1.0,
      "proto_q_hi": 0.92,
      "proto_q_lo": 0.84,
      "proto_close_iters": 3,
      "proto_open_iters": 0,
      "proto_min_component": 400,
      "use_skeleton": true,
      "skeleton_prune_lmin": 8,
      "reconnect_close_iters": 4,
      "radius_mode": "branch",
      "radius_jitter": 0.15,
      "radius_smooth_sigma": 3.0,
      "radius_scale_hint": 1.0,
      "prune_small_components": 0,
      "aniso_ratio": 3.0
    },
    "gray": {
      "write_gray": true,
      "marrow_mean": 15.0,
      "bone_mean": 200.0,
      "solid_fill_sigma": 3.0,
      "pve_sigma": 0.5,
      "noise_sd": 4.0,
      "bg_tex_sd": 2.0,
      "unsharp": 0.6,
      "unsharp_sigma": 0.8
    }
  },
  "shape_zyx": [
    80,
    256,
    256
  ],
  "voxel_um": 39.0
}