{
  "version": "v15",
  "label": "sample_014",
  "seed": 57,
  "morphometrics": {
    "BVTV": 0.27177734375,
    "TbTh_um_p50": 110.30865786510142,
    "TbTh_um_p90": 220.61731573020285,
    "TbSp_um_p50": 220.61731573020285,
    "TbSp_um_p90": 474.4554773632611,
    "TbN_per_mm": 2.114649110353575,
    "Euler": -12.0,
    "ConnProxy": 13.0,
    "n_components": 1,
    "lcc_frac": 1.0
  },
  "targets": {
    "bvtv_target": 0.2873705510827268,
    "tbth_um_target": 280.0,
    "tbn_target": 1.0263233967240242,
    "tbsp_um_target": 900.0
  },
  "validation": {
    "BV/TV": {
      "measured": 0.27177734375,
      "target": 0.2873705510827268,
      "rel_error": 0.054261674600881056,
      "pass": false
    },
    "Tb.Th": {
      "measured": 110.30865786510142,
      "target": 280.0,
      "rel_error": 0.6060405076246378,
      "pass": false
    },
    "Tb.N": {
      "measured": 2.114649110353575,
      "target": 1.0263233967240242,
      "rel_error": 1.0604120661220775,
      "pass": false
    },
    "Tb.Sp": {
      "measured": 220.61731573020285,
      "target": 900.0,
      "rel_error": 0.7548696491886636,
      "pass": false
    },
    "LCC": {
      "lcc_frac": 1.0,
      "pass": true
    }
  },
  "tamimi_warnings": [],
  "skeleton_stats": {
    "skel_voxels": 1091,
    "junctions": 726,
    "endpoints": 118,
    "ej_ratio": 0.162534435261708
  },
  "thick_info": {
    "base_r": 3.58974358974359,
    "min_r": 1.0769230769230769,
    "scale": 0.8609068393707275,
    "bvtv_tgt": 0.2873705510827268,
    "bvtv_got": 0.28736572265625
  },
  "params": {
    "ridge": {
      "base_sigma": 6.245844565872361,
      "warp_sigma": 14.0,
      "warp_amp": 3.0,
      "hessian_sigma": 1.4,
      "ridge_strength": 1.0,
      "proto_q_hi": 0.92,
      "proto_q_lo": 0.84,
      "proto_close_iters": 2,
      "proto_open_iters": 0,
      "proto_min_component": 400,
      "use_skeleton": true,
      "skeleton_prune_lmin": 8,
      "reconnect_close_iters": 3,
      "radius_mode": "branch",
      "radius_jitter": 0.15,
      "radius_smooth_sigma": 3.0,
      "radius_scale_hint": 1.0,
      "prune_small_components": 0,
      "aniso_ratio": 3.0
    },
    "gray": {
      "write_gray": true,
      "marrow_mean": 15.0,
      "bone_mean": 240.0,
      "solid_fill_sigma": 3.0,
      "pve_sigma": 0.5,
      "noise_sd": 4.0,
      "bg_tex_sd": 2.0,
      "unsharp": 0.6,
      "unsharp_sigma": 0.8
    }
  },
  "shape_zyx": [
    20,
    64,
    64
  ],
  "voxel_um": 39.0
}