{
  "version": "v16",
  "label": "sample_367",
  "seed": 381,
  "morphometrics": {
    "BVTV": 0.1317474365234375,
    "TbTh_um_p50": 78.0,
    "TbTh_um_p90": 135.09996299037243,
    "TbSp_um_p50": 234.0,
    "TbSp_um_p90": 454.81424779793343,
    "TbN_per_mm": 1.4221581654961934,
    "Euler": -181.0,
    "ConnProxy": 182.0,
    "n_components": 1,
    "lcc_frac": 1.0
  },
  "morphometrics_raw": {
    "BVTV": 0.13297576904296876,
    "TbTh_um_p50": 78.0,
    "TbTh_um_p90": 135.09996299037243,
    "TbSp_um_p50": 220.61731573020285,
    "TbSp_um_p90": 448.0758864299662,
    "TbN_per_mm": 1.4354597941643341,
    "Euler": -180.0,
    "ConnProxy": 181.0,
    "n_components": 2,
    "lcc_frac": 0.9907627342306677
  },
  "targets": {
    "bvtv_target": 0.14411074329661105,
    "tbth_um_target": 195.1827560345507,
    "tbn_target": 0.7383374752178465,
    "tbsp_um_target": 427.44415861511277
  },
  "params": {
    "ridge": {
      "base_sigma": 6.709776634460451,
      "warp_sigma": 14.0,
      "warp_amp": 3.0,
      "hessian_sigma": 1.4,
      "ridge_strength": 1.0,
      "proto_q_hi": 0.92,
      "proto_q_lo": 0.84,
      "proto_close_iters": 2,
      "proto_open_iters": 0,
      "proto_min_component": 400,
      "use_skeleton": true,
      "skeleton_prune_lmin": 8,
      "reconnect_close_iters": 3,
      "radius_mode": "branch",
      "radius_jitter": 0.15,
      "radius_smooth_sigma": 3.0,
      "radius_scale_hint": 1.0,
      "prune_small_components": 0,
      "aniso_ratio": 3.0,
      "rod_weight": 1.0,
      "plate_weight": 0.0,
      "coarse_weight": 0.5,
      "medium_weight": 0.35,
      "fine_weight": 0.15,
      "sheet_q": 0.92,
      "bridge_dilate_iters": 0,
      "bridge_close_iters": 0
    },
    "gray": {
      "write_gray": true,
      "marrow_mean": 15.0,
      "bone_mean": 240.0,
      "solid_fill_sigma": 3.0,
      "pve_sigma": 0.5,
      "noise_sd": 3.0,
      "bg_tex_sd": 1.0,
      "unsharp": 0.6,
      "unsharp_sigma": 0.8
    },
    "bs_tbsp_adjusted": 6.709776634460451,
    "tbsp_target": 427.44415861511277
  },
  "shape_zyx": [
    40,
    128,
    128
  ],
  "voxel_um": 39.0
}