{
  "version": "v15",
  "label": "sample_111",
  "seed": 154,
  "morphometrics": {
    "BVTV": 0.23550872802734374,
    "TbTh_um_p50": 78.0,
    "TbTh_um_p90": 220.61731573020285,
    "TbSp_um_p50": 174.4133022449836,
    "TbSp_um_p90": 330.9259735953042,
    "TbN_per_mm": 1.9594439286879488,
    "Euler": -696.0,
    "ConnProxy": 697.0,
    "n_components": 1,
    "lcc_frac": 1.0
  },
  "morphometrics_raw": {
    "BVTV": 0.23550872802734374,
    "TbTh_um_p50": 78.0,
    "TbTh_um_p90": 220.61731573020285,
    "TbSp_um_p50": 174.4133022449836,
    "TbSp_um_p90": 330.9259735953042,
    "TbN_per_mm": 1.9594439286879488,
    "Euler": -696.0,
    "ConnProxy": 697.0,
    "n_components": 1,
    "lcc_frac": 1.0
  },
  "targets": {
    "bvtv_target": 0.23968274867868516,
    "tbth_um_target": 126.34375649716793,
    "tbn_target": 1.8970684054661444,
    "tbsp_um_target": 332.3413408867191
  },
  "params": {
    "ridge": {
      "base_sigma": 3.129365363546876,
      "warp_sigma": 8.0,
      "warp_amp": 1.0,
      "hessian_sigma": 1.0,
      "ridge_strength": 1.0,
      "proto_q_hi": 0.82,
      "proto_q_lo": 0.7,
      "proto_close_iters": 1,
      "proto_open_iters": 0,
      "proto_min_component": 400,
      "use_skeleton": true,
      "skeleton_prune_lmin": 8,
      "reconnect_close_iters": 3,
      "radius_mode": "branch",
      "radius_jitter": 0.03,
      "radius_smooth_sigma": 3.0,
      "radius_scale_hint": 1.0,
      "prune_small_components": 0,
      "aniso_ratio": 1.0
    },
    "gray": {
      "write_gray": true,
      "marrow_mean": 20.0,
      "bone_mean": 65.0,
      "solid_fill_sigma": 1.0,
      "pve_sigma": 0.5,
      "noise_sd": 3.0,
      "bg_tex_sd": 1.0,
      "unsharp": 0.6,
      "unsharp_sigma": 0.8
    },
    "bs_tbsp_adjusted": 3.129365363546876,
    "tbsp_target": 332.3413408867191
  },
  "shape_zyx": [
    40,
    128,
    128
  ],
  "voxel_um": 39.0
}