{
  "version": "v15",
  "label": "sample_014",
  "seed": 1115,
  "morphometrics": {
    "BVTV": 0.39322052001953123,
    "TbTh_um_p50": 135.09996299037243,
    "TbTh_um_p90": 270.19992598074487,
    "TbSp_um_p50": 191.06019993708787,
    "TbSp_um_p90": 454.81424779793343,
    "TbN_per_mm": 2.547222515919744,
    "Euler": -44.0,
    "ConnProxy": 45.0,
    "n_components": 1,
    "lcc_frac": 1.0
  },
  "morphometrics_raw": {
    "BVTV": 0.39322052001953123,
    "TbTh_um_p50": 135.09996299037243,
    "TbTh_um_p90": 270.19992598074487,
    "TbSp_um_p50": 191.06019993708787,
    "TbSp_um_p90": 454.81424779793343,
    "TbN_per_mm": 2.547222515919744,
    "Euler": -44.0,
    "ConnProxy": 45.0,
    "n_components": 1,
    "lcc_frac": 1.0
  },
  "targets": {
    "bvtv_target": 0.39229362625571035,
    "tbth_um_target": 265.8238512886864,
    "tbn_target": 1.4757653399193174,
    "tbsp_um_target": 543.536362303507
  },
  "params": {
    "ridge": {
      "base_sigma": 5.174145449214028,
      "warp_sigma": 10.0,
      "warp_amp": 1.5,
      "hessian_sigma": 1.4,
      "ridge_strength": 1.0,
      "proto_q_hi": 0.78,
      "proto_q_lo": 0.65,
      "proto_close_iters": 1,
      "proto_open_iters": 0,
      "proto_min_component": 0,
      "use_skeleton": true,
      "skeleton_prune_lmin": 8,
      "reconnect_close_iters": 3,
      "radius_mode": "branch",
      "radius_jitter": 0.04,
      "radius_smooth_sigma": 3.0,
      "radius_scale_hint": 1.0,
      "prune_small_components": 0,
      "aniso_ratio": 1.0,
      "plate_weight": 0.7,
      "rod_weight": 0.3
    },
    "gray": {
      "write_gray": true,
      "marrow_mean": 20.0,
      "bone_mean": 95.0,
      "solid_fill_sigma": 1.8,
      "pve_sigma": 0.5,
      "noise_sd": 3.0,
      "bg_tex_sd": 1.0,
      "unsharp": 0.6,
      "unsharp_sigma": 0.8
    },
    "bs_tbsp_adjusted": 5.174145449214028,
    "tbsp_target": 543.536362303507,
    "plate_mode": true
  },
  "shape_zyx": [
    40,
    128,
    128
  ],
  "voxel_um": 39.0
}