{
  "version": "v15",
  "label": "sample_000",
  "seed": 101,
  "morphometrics": {
    "BVTV": 0.23851165771484376,
    "TbTh_um_p50": 156.0,
    "TbTh_um_p90": 234.0,
    "TbSp_um_p50": 448.0758864299662,
    "TbSp_um_p90": 1127.632918994475,
    "TbN_per_mm": 1.5792808487650891,
    "Euler": 16.0,
    "ConnProxy": -15.0,
    "n_components": 1,
    "lcc_frac": 1.0
  },
  "targets": {
    "bvtv_target": 0.23863098454840032,
    "tbth_um_target": 240.0,
    "tbn_target": 0.994295768951668,
    "tbsp_um_target": 700.0
  },
  "validation": {
    "BV/TV": {
      "measured": 0.23851165771484376,
      "target": 0.23863098454840032,
      "rel_error": 0.0005000475264449893,
      "pass": true
    },
    "Tb.Th": {
      "measured": 156.0,
      "target": 240.0,
      "rel_error": 0.35,
      "pass": false
    },
    "Tb.N": {
      "measured": 1.5792808487650891,
      "target": 0.994295768951668,
      "rel_error": 0.5883411134598289,
      "pass": false
    },
    "Tb.Sp": {
      "measured": 448.0758864299662,
      "target": 700.0,
      "rel_error": 0.359891590814334,
      "pass": false
    },
    "LCC": {
      "lcc_frac": 1.0,
      "pass": true
    }
  },
  "tamimi_warnings": [],
  "skeleton_stats": {
    "skel_voxels": 48021,
    "junctions": 47996,
    "endpoints": 9,
    "ej_ratio": 0.00018751562630219185
  },
  "thick_info": {
    "base_r": 3.076923076923077,
    "min_r": 0.9230769230769231,
    "scale": 0.7179960459470749,
    "bvtv_tgt": 0.23863098454840032,
    "bvtv_got": 0.23851165771484376
  },
  "params": {
    "ridge": {
      "base_sigma": 4.5,
      "warp_sigma": 12.0,
      "warp_amp": 1.2,
      "hessian_sigma": 1.4,
      "ridge_strength": 1.0,
      "proto_q_hi": 0.78,
      "proto_q_lo": 0.65,
      "proto_close_iters": 3,
      "proto_open_iters": 0,
      "proto_min_component": 400,
      "use_skeleton": true,
      "skeleton_prune_lmin": 8,
      "reconnect_close_iters": 3,
      "radius_mode": "branch",
      "radius_jitter": 0.04,
      "radius_smooth_sigma": 3.0,
      "radius_scale_hint": 1.0,
      "prune_small_components": 0,
      "aniso_ratio": 1.0
    },
    "gray": {
      "write_gray": true,
      "marrow_mean": 15.0,
      "bone_mean": 90.0,
      "solid_fill_sigma": 0.8,
      "pve_sigma": 0.5,
      "noise_sd": 5.0,
      "bg_tex_sd": 2.0,
      "unsharp": 0.6,
      "unsharp_sigma": 0.8
    }
  },
  "shape_zyx": [
    40,
    128,
    128
  ],
  "voxel_um": 39.0
}