{
  "version": "v16",
  "label": "sample_290",
  "seed": 304,
  "morphometrics": {
    "BVTV": 0.2381439208984375,
    "TbTh_um_p50": 78.0,
    "TbTh_um_p90": 174.4133022449836,
    "TbSp_um_p50": 174.4133022449836,
    "TbSp_um_p90": 365.85242926622755,
    "TbN_per_mm": 2.2097148565934766,
    "Euler": -445.0,
    "ConnProxy": 446.0,
    "n_components": 1,
    "lcc_frac": 1.0
  },
  "morphometrics_raw": {
    "BVTV": 0.2390533447265625,
    "TbTh_um_p50": 78.0,
    "TbTh_um_p90": 174.4133022449836,
    "TbSp_um_p50": 174.4133022449836,
    "TbSp_um_p90": 357.4409042065555,
    "TbN_per_mm": 2.218600526185039,
    "Euler": -444.0,
    "ConnProxy": 445.0,
    "n_components": 2,
    "lcc_frac": 0.9961957284924616
  },
  "targets": {
    "bvtv_target": 0.24638118368571296,
    "tbth_um_target": 171.6150177924919,
    "tbn_target": 1.4356621399161262,
    "tbsp_um_target": 201.72104849679351
  },
  "params": {
    "ridge": {
      "base_sigma": 5.806884193987174,
      "warp_sigma": 14.0,
      "warp_amp": 3.0,
      "hessian_sigma": 1.4,
      "ridge_strength": 1.0,
      "proto_q_hi": 0.92,
      "proto_q_lo": 0.84,
      "proto_close_iters": 2,
      "proto_open_iters": 0,
      "proto_min_component": 400,
      "use_skeleton": true,
      "skeleton_prune_lmin": 8,
      "reconnect_close_iters": 3,
      "radius_mode": "branch",
      "radius_jitter": 0.15,
      "radius_smooth_sigma": 3.0,
      "radius_scale_hint": 1.0,
      "prune_small_components": 0,
      "aniso_ratio": 3.0,
      "rod_weight": 1.0,
      "plate_weight": 0.0,
      "coarse_weight": 0.5,
      "medium_weight": 0.35,
      "fine_weight": 0.15,
      "sheet_q": 0.92,
      "bridge_dilate_iters": 0,
      "bridge_close_iters": 0
    },
    "gray": {
      "write_gray": true,
      "marrow_mean": 15.0,
      "bone_mean": 240.0,
      "solid_fill_sigma": 3.0,
      "pve_sigma": 0.5,
      "noise_sd": 3.0,
      "bg_tex_sd": 1.0,
      "unsharp": 0.6,
      "unsharp_sigma": 0.8
    },
    "bs_tbsp_adjusted": 5.806884193987174,
    "tbsp_target": 201.72104849679351
  },
  "shape_zyx": [
    40,
    128,
    128
  ],
  "voxel_um": 39.0
}