{
  "version": "v15",
  "label": "literature",
  "seed": 42,
  "morphometrics": {
    "BVTV": 0.20377368927001954,
    "TbTh_um_p50": 135.09996299037243,
    "TbTh_um_p90": 312.0,
    "TbSp_um_p50": 397.7235220602372,
    "TbSp_um_p90": 1037.7225062607056,
    "TbN_per_mm": 1.2288294065766983,
    "Euler": -775.0,
    "ConnProxy": 776.0,
    "n_components": 1,
    "lcc_frac": 1.0
  },
  "targets": {
    "bvtv_target": 0.2037,
    "tbth_um_target": 180.0,
    "tbn_target": 1.5,
    "tbsp_um_target": 580.0
  },
  "validation": {
    "BV/TV": {
      "measured": 0.20377368927001954,
      "target": 0.2037,
      "rel_error": 0.000361753902894208,
      "pass": true
    },
    "Tb.Th": {
      "measured": 135.09996299037243,
      "target": 180.0,
      "rel_error": 0.24944465005348648,
      "pass": false
    },
    "Tb.N": {
      "measured": 1.2288294065766983,
      "target": 1.5,
      "rel_error": 0.1807803956155345,
      "pass": true
    },
    "Tb.Sp": {
      "measured": 397.7235220602372,
      "target": 580.0,
      "rel_error": 0.3142697895513152,
      "pass": false
    },
    "LCC": {
      "lcc_frac": 1.0,
      "pass": true
    }
  },
  "tamimi_warnings": [],
  "skeleton_stats": {
    "skel_voxels": 903702,
    "junctions": 903152,
    "endpoints": 148,
    "ej_ratio": 0.00016387053342073094
  },
  "thick_info": {
    "base_r": 2.3076923076923075,
    "min_r": 0.6923076923076922,
    "scale": 0.4462807923555374,
    "bvtv_tgt": 0.2037,
    "bvtv_got": 0.20617313385009767
  },
  "params": {
    "ridge": {
      "base_sigma": 5.0,
      "warp_sigma": 14.0,
      "warp_amp": 3.0,
      "hessian_sigma": 1.8,
      "ridge_strength": 1.0,
      "proto_q_hi": 0.88,
      "proto_q_lo": 0.8,
      "proto_close_iters": 4,
      "proto_open_iters": 0,
      "proto_min_component": 200,
      "use_skeleton": true,
      "skeleton_prune_lmin": 8,
      "reconnect_close_iters": 5,
      "radius_mode": "branch",
      "radius_jitter": 0.1,
      "radius_smooth_sigma": 3.0,
      "radius_scale_hint": 1.0,
      "prune_small_components": 0,
      "aniso_ratio": 3.5
    },
    "gray": {
      "write_gray": true,
      "marrow_mean": 15.0,
      "bone_mean": 200.0,
      "solid_fill_sigma": 1.5,
      "pve_sigma": 0.5,
      "noise_sd": 4.0,
      "bg_tex_sd": 2.0,
      "unsharp": 0.6,
      "unsharp_sigma": 0.8
    }
  },
  "shape_zyx": [
    80,
    256,
    256
  ],
  "voxel_um": 39.0
}