{
  "pipeline_version": "2.3",
  "fixes_applied": [
    "fix1_joint_sampling",
    "fix2_honest_lcc",
    "fix3_antifloor",
    "fix4_tbsp_sigma",
    "fix13_texture_features",
    "fix14_plate_mode"
  ],
  "generator_version": "v15",
  "timestamp": "2026-04-22T14:20:22.018248",
  "validation_gate": {
    "validates_on": "raw_morphology_before_keep_largest_component",
    "bvtv_rel_err_max": 0.08,
    "lcc_min": 0.95,
    "tbth_floor_um": 0.0,
    "tbsp_sigma_scale": 0.004
  },
  "joint_sampler": {
    "used": true,
    "n_sources": 18
  },
  "generation": {
    "num_samples_requested": 500,
    "num_samples_saved": 500,
    "shape": [
      40,
      128,
      128
    ],
    "voxel_um": 39.0,
    "plate_mode": true
  },
  "dimensionality_reduction": {
    "features_dir": "output\\independent_test_v2\\dataset_06\\features",
    "feature_type": "texture",
    "scaler": "robust",
    "results": {
      "PCA": {
        "n_components": 16,
        "variance_explained": 0.9948062300682068,
        "dist_preservation": null,
        "downstream_metrics": {
          "per_label": {
            "BVTV": {
              "r2": 0.754801332950592,
              "mae": 0.012485950253903866
            },
            "TbTh_um_p50": {
              "r2": 0.904183030128479,
              "mae": 6.888670444488525
            },
            "TbN_per_mm": {
              "r2": 0.9444048404693604,
              "mae": 0.0819951742887497
            },
            "TbSp_um_p50": {
              "r2": 0.9345206618309021,
              "mae": 14.047472953796387
            }
          },
          "mean_r2": 0.8844774663448334,
          "mean_mae": 5.257656130706891
        }
      },
      "RP_gaussian": {
        "n_components": 16,
        "variance_explained": null,
        "dist_preservation": 1.156089425086975,
        "downstream_metrics": {
          "per_label": {
            "BVTV": {
              "r2": 0.7700877785682678,
              "mae": 0.012042485177516937
            },
            "TbTh_um_p50": {
              "r2": 0.904954195022583,
              "mae": 6.761690616607666
            },
            "TbN_per_mm": {
              "r2": 0.9435319304466248,
              "mae": 0.08321891725063324
            },
            "TbSp_um_p50": {
              "r2": 0.9333069920539856,
              "mae": 14.1466064453125
            }
          },
          "mean_r2": 0.8879702240228653,
          "mean_mae": 5.250889616087079
        }
      },
      "RP_sparse": {
        "n_components": 16,
        "variance_explained": null,
        "dist_preservation": 1.0086482763290405,
        "downstream_metrics": {
          "per_label": {
            "BVTV": {
              "r2": 0.750548243522644,
              "mae": 0.01234495174139738
            },
            "TbTh_um_p50": {
              "r2": 0.8927465081214905,
              "mae": 7.18585205078125
            },
            "TbN_per_mm": {
              "r2": 0.9217542409896851,
              "mae": 0.09737168997526169
            },
            "TbSp_um_p50": {
              "r2": 0.933009922504425,
              "mae": 14.508735656738281
            }
          },
          "mean_r2": 0.8745147287845612,
          "mean_mae": 5.451076087309048
        }
      },
      "UMAP": {
        "n_components": 16,
        "variance_explained": null,
        "dist_preservation": null,
        "downstream_metrics": {
          "per_label": {
            "BVTV": {
              "r2": 0.7273718118667603,
              "mae": 0.0123987328261137
            },
            "TbTh_um_p50": {
              "r2": 0.8992152810096741,
              "mae": 7.120189189910889
            },
            "TbN_per_mm": {
              "r2": 0.8979303240776062,
              "mae": 0.11617543548345566
            },
            "TbSp_um_p50": {
              "r2": 0.9168133735656738,
              "mae": 15.663405418395996
            }
          },
          "mean_r2": 0.8603326976299286,
          "mean_mae": 5.7280421941541135
        }
      },
      "PLS": {
        "n_components": 4,
        "variance_explained": null,
        "dist_preservation": null,
        "downstream_metrics": {
          "per_label": {
            "BVTV": {
              "r2": 0.7534670770461649,
              "mae": 0.012734002351304398
            },
            "TbTh_um_p50": {
              "r2": 0.8952559461805449,
              "mae": 7.069223385308487
            },
            "TbN_per_mm": {
              "r2": 0.9432328637371377,
              "mae": 0.08792953530067316
            },
            "TbSp_um_p50": {
              "r2": 0.9315473629930882,
              "mae": 14.500191503567235
            }
          },
          "mean_r2": 0.880875812489234,
          "mean_mae": 5.417519606631925
        }
      }
    },
    "quantum_files": {
      "PCA": "output\\independent_test_v2\\dataset_06\\features\\pca_quantum_ready.npz",
      "RP_gaussian": "output\\independent_test_v2\\dataset_06\\features\\rp_gaussian_quantum_ready.npz",
      "RP_sparse": "output\\independent_test_v2\\dataset_06\\features\\rp_sparse_quantum_ready.npz",
      "UMAP": "output\\independent_test_v2\\dataset_06\\features\\umap_quantum_ready.npz",
      "PLS": "output\\independent_test_v2\\dataset_06\\features\\pls_quantum_ready.npz"
    },
    "n_train": 400,
    "n_test": 100
  }
}