{
  "pipeline_version": "2.3",
  "fixes_applied": [
    "fix1_joint_sampling",
    "fix2_honest_lcc",
    "fix3_antifloor",
    "fix4_tbsp_sigma",
    "fix13_texture_features",
    "fix14_plate_mode"
  ],
  "generator_version": "v15",
  "timestamp": "2026-04-22T19:46:17.256694",
  "validation_gate": {
    "validates_on": "raw_morphology_before_keep_largest_component",
    "bvtv_rel_err_max": 0.08,
    "lcc_min": 0.95,
    "tbth_floor_um": 0.0,
    "tbsp_sigma_scale": 0.004
  },
  "joint_sampler": {
    "used": true,
    "n_sources": 18
  },
  "generation": {
    "num_samples_requested": 500,
    "num_samples_saved": 500,
    "shape": [
      40,
      128,
      128
    ],
    "voxel_um": 39.0,
    "plate_mode": true
  },
  "dimensionality_reduction": {
    "features_dir": "output\\independent_test_v2\\dataset_08\\features",
    "feature_type": "texture",
    "scaler": "robust",
    "results": {
      "PCA": {
        "n_components": 16,
        "variance_explained": 0.9949219226837158,
        "dist_preservation": null,
        "downstream_metrics": {
          "per_label": {
            "BVTV": {
              "r2": 0.7911840677261353,
              "mae": 0.013287506066262722
            },
            "TbTh_um_p50": {
              "r2": 0.9225884675979614,
              "mae": 6.848802089691162
            },
            "TbN_per_mm": {
              "r2": 0.9220066070556641,
              "mae": 0.09575912356376648
            },
            "TbSp_um_p50": {
              "r2": 0.9371584057807922,
              "mae": 13.574737548828125
            }
          },
          "mean_r2": 0.8932343870401382,
          "mean_mae": 5.133146567037329
        }
      },
      "RP_gaussian": {
        "n_components": 16,
        "variance_explained": null,
        "dist_preservation": 1.1758348941802979,
        "downstream_metrics": {
          "per_label": {
            "BVTV": {
              "r2": 0.7581795454025269,
              "mae": 0.014780096709728241
            },
            "TbTh_um_p50": {
              "r2": 0.9095085263252258,
              "mae": 7.24381160736084
            },
            "TbN_per_mm": {
              "r2": 0.9045193195343018,
              "mae": 0.10310773551464081
            },
            "TbSp_um_p50": {
              "r2": 0.9221093654632568,
              "mae": 14.980920791625977
            }
          },
          "mean_r2": 0.8735791891813278,
          "mean_mae": 5.585655057802796
        }
      },
      "RP_sparse": {
        "n_components": 16,
        "variance_explained": null,
        "dist_preservation": 1.0489027500152588,
        "downstream_metrics": {
          "per_label": {
            "BVTV": {
              "r2": 0.7873192429542542,
              "mae": 0.013860834762454033
            },
            "TbTh_um_p50": {
              "r2": 0.9229503870010376,
              "mae": 6.645516872406006
            },
            "TbN_per_mm": {
              "r2": 0.9253665208816528,
              "mae": 0.0934678465127945
            },
            "TbSp_um_p50": {
              "r2": 0.9404182434082031,
              "mae": 13.416943550109863
            }
          },
          "mean_r2": 0.8940135985612869,
          "mean_mae": 5.042447275947779
        }
      },
      "UMAP": {
        "n_components": 16,
        "variance_explained": null,
        "dist_preservation": null,
        "downstream_metrics": {
          "per_label": {
            "BVTV": {
              "r2": 0.7720828056335449,
              "mae": 0.011848720721900463
            },
            "TbTh_um_p50": {
              "r2": 0.9247027635574341,
              "mae": 6.344698429107666
            },
            "TbN_per_mm": {
              "r2": 0.905297577381134,
              "mae": 0.0966787338256836
            },
            "TbSp_um_p50": {
              "r2": 0.9212417006492615,
              "mae": 14.440247535705566
            }
          },
          "mean_r2": 0.8808312118053436,
          "mean_mae": 5.223368354840204
        }
      },
      "PLS": {
        "n_components": 4,
        "variance_explained": null,
        "dist_preservation": null,
        "downstream_metrics": {
          "per_label": {
            "BVTV": {
              "r2": 0.7968380350893177,
              "mae": 0.012974596636647765
            },
            "TbTh_um_p50": {
              "r2": 0.9143778014719018,
              "mae": 6.925162628974853
            },
            "TbN_per_mm": {
              "r2": 0.9198519677955098,
              "mae": 0.09523558888192643
            },
            "TbSp_um_p50": {
              "r2": 0.9367497538654689,
              "mae": 13.433797507579646
            }
          },
          "mean_r2": 0.8919543895555496,
          "mean_mae": 5.116792580518268
        }
      }
    },
    "quantum_files": {
      "PCA": "output\\independent_test_v2\\dataset_08\\features\\pca_quantum_ready.npz",
      "RP_gaussian": "output\\independent_test_v2\\dataset_08\\features\\rp_gaussian_quantum_ready.npz",
      "RP_sparse": "output\\independent_test_v2\\dataset_08\\features\\rp_sparse_quantum_ready.npz",
      "UMAP": "output\\independent_test_v2\\dataset_08\\features\\umap_quantum_ready.npz",
      "PLS": "output\\independent_test_v2\\dataset_08\\features\\pls_quantum_ready.npz"
    },
    "n_train": 400,
    "n_test": 100
  }
}