{
  "version": "v15",
  "label": "sample_004",
  "seed": 105,
  "morphometrics": {
    "BVTV": 0.29871368408203125,
    "TbTh_um_p50": 110.30865786510142,
    "TbTh_um_p90": 234.0,
    "TbSp_um_p50": 191.06019993708787,
    "TbSp_um_p90": 405.2998889711173,
    "TbN_per_mm": 2.1684707347860037,
    "Euler": -170.0,
    "ConnProxy": 171.0,
    "n_components": 1,
    "lcc_frac": 1.0
  },
  "targets": {
    "bvtv_target": 0.3,
    "tbth_um_target": 240.0,
    "tbn_target": 1.25,
    "tbsp_um_target": 200.0
  },
  "validation": {
    "BV/TV": {
      "measured": 0.29871368408203125,
      "target": 0.3,
      "rel_error": 0.004287719726562464,
      "pass": true
    },
    "Tb.Th": {
      "measured": 110.30865786510142,
      "target": 240.0,
      "rel_error": 0.540380592228744,
      "pass": false
    },
    "Tb.N": {
      "measured": 2.1684707347860037,
      "target": 1.25,
      "rel_error": 0.734776587828803,
      "pass": false
    },
    "Tb.Sp": {
      "measured": 191.06019993708787,
      "target": 200.0,
      "rel_error": 0.04469900031456064,
      "pass": true
    },
    "LCC": {
      "lcc_frac": 1.0,
      "pass": true
    }
  },
  "tamimi_warnings": [],
  "skeleton_stats": {
    "skel_voxels": 34273,
    "junctions": 31633,
    "endpoints": 870,
    "ej_ratio": 0.027502924161476937
  },
  "thick_info": {
    "base_r": 3.076923076923077,
    "min_r": 0.9230769230769231,
    "scale": 0.8008518218994141,
    "bvtv_tgt": 0.3,
    "bvtv_got": 0.30000152587890627
  },
  "params": {
    "ridge": {
      "base_sigma": 4.5,
      "warp_sigma": 8.0,
      "warp_amp": 1.0,
      "hessian_sigma": 1.2,
      "ridge_strength": 1.0,
      "proto_q_hi": 0.83,
      "proto_q_lo": 0.72,
      "proto_close_iters": 2,
      "proto_open_iters": 0,
      "proto_min_component": 400,
      "use_skeleton": true,
      "skeleton_prune_lmin": 8,
      "reconnect_close_iters": 3,
      "radius_mode": "branch",
      "radius_jitter": 0.03,
      "radius_smooth_sigma": 3.0,
      "radius_scale_hint": 1.0,
      "prune_small_components": 0,
      "aniso_ratio": 1.0
    },
    "gray": {
      "write_gray": true,
      "marrow_mean": 15.0,
      "bone_mean": 90.0,
      "solid_fill_sigma": 0.8,
      "pve_sigma": 0.5,
      "noise_sd": 5.0,
      "bg_tex_sd": 2.0,
      "unsharp": 0.6,
      "unsharp_sigma": 0.8
    }
  },
  "shape_zyx": [
    40,
    128,
    128
  ],
  "voxel_um": 39.0
}