{
  "version": "v15",
  "label": "sample_000",
  "seed": 101,
  "morphometrics": {
    "BVTV": 0.2373044967651367,
    "TbTh_um_p50": 135.09996299037243,
    "TbTh_um_p90": 291.8492761683674,
    "TbSp_um_p50": 390.0,
    "TbSp_um_p90": 964.8067163945325,
    "TbN_per_mm": 1.4893535126492716,
    "Euler": -409.0,
    "ConnProxy": 410.0,
    "n_components": 1,
    "lcc_frac": 1.0
  },
  "targets": {
    "bvtv_target": 0.23863098454840032,
    "tbth_um_target": 280.0,
    "tbn_target": 0.8522535162442868,
    "tbsp_um_target": 900.0
  },
  "validation": {
    "BV/TV": {
      "measured": 0.2373044967651367,
      "target": 0.23863098454840032,
      "rel_error": 0.005558740771966111,
      "pass": true
    },
    "Tb.Th": {
      "measured": 135.09996299037243,
      "target": 280.0,
      "rel_error": 0.5175001321772413,
      "pass": false
    },
    "Tb.N": {
      "measured": 1.4893535126492716,
      "target": 0.8522535162442868,
      "rel_error": 0.7475475128721778,
      "pass": false
    },
    "Tb.Sp": {
      "measured": 390.0,
      "target": 900.0,
      "rel_error": 0.5666666666666667,
      "pass": false
    },
    "LCC": {
      "lcc_frac": 1.0,
      "pass": true
    }
  },
  "tamimi_warnings": [],
  "skeleton_stats": {
    "skel_voxels": 885324,
    "junctions": 884991,
    "endpoints": 110,
    "ej_ratio": 0.00012429504932818527
  },
  "thick_info": {
    "base_r": 3.58974358974359,
    "min_r": 1.0769230769230769,
    "scale": 0.2802974730730057,
    "bvtv_tgt": 0.23863098454840032,
    "bvtv_got": 0.23940563201904297
  },
  "params": {
    "ridge": {
      "base_sigma": 5.0,
      "warp_sigma": 14.0,
      "warp_amp": 3.0,
      "hessian_sigma": 1.8,
      "ridge_strength": 1.0,
      "proto_q_hi": 0.88,
      "proto_q_lo": 0.8,
      "proto_close_iters": 4,
      "proto_open_iters": 0,
      "proto_min_component": 200,
      "use_skeleton": true,
      "skeleton_prune_lmin": 8,
      "reconnect_close_iters": 5,
      "radius_mode": "branch",
      "radius_jitter": 0.1,
      "radius_smooth_sigma": 3.0,
      "radius_scale_hint": 1.0,
      "prune_small_components": 0,
      "aniso_ratio": 3.5
    },
    "gray": {
      "write_gray": true,
      "marrow_mean": 15.0,
      "bone_mean": 200.0,
      "solid_fill_sigma": 1.5,
      "pve_sigma": 0.5,
      "noise_sd": 4.0,
      "bg_tex_sd": 2.0,
      "unsharp": 0.6,
      "unsharp_sigma": 0.8
    }
  },
  "shape_zyx": [
    80,
    256,
    256
  ],
  "voxel_um": 39.0
}