{
  "version": "v15",
  "label": "sample_002",
  "seed": 103,
  "morphometrics": {
    "BVTV": 0.42392215728759763,
    "TbTh_um_p50": 174.4133022449836,
    "TbTh_um_p90": 339.99411759617254,
    "TbSp_um_p50": 220.61731573020285,
    "TbSp_um_p90": 480.8242922315801,
    "TbN_per_mm": 2.15604942249416,
    "Euler": -702.0,
    "ConnProxy": 703.0,
    "n_components": 1,
    "lcc_frac": 1.0
  },
  "targets": {
    "bvtv_target": 0.4227768343557819,
    "tbth_um_target": 280.0,
    "tbn_target": 1.5099172655563637,
    "tbsp_um_target": 900.0
  },
  "validation": {
    "BV/TV": {
      "measured": 0.42392215728759763,
      "target": 0.4227768343557819,
      "rel_error": 0.0027090484594808934,
      "pass": true
    },
    "Tb.Th": {
      "measured": 174.4133022449836,
      "target": 280.0,
      "rel_error": 0.37709534912505854,
      "pass": false
    },
    "Tb.N": {
      "measured": 2.15604942249416,
      "target": 1.5099172655563637,
      "rel_error": 0.42792553716492143,
      "pass": false
    },
    "Tb.Sp": {
      "measured": 220.61731573020285,
      "target": 900.0,
      "rel_error": 0.7548696491886636,
      "pass": false
    },
    "LCC": {
      "lcc_frac": 1.0,
      "pass": true
    }
  },
  "tamimi_warnings": [],
  "skeleton_stats": {
    "skel_voxels": 455112,
    "junctions": 445355,
    "endpoints": 2834,
    "ej_ratio": 0.006363462855474846
  },
  "thick_info": {
    "base_r": 3.58974358974359,
    "min_r": 1.0769230769230769,
    "scale": 1.0344835817813873,
    "bvtv_tgt": 0.4227768343557819,
    "bvtv_got": 0.42277679443359373
  },
  "params": {
    "ridge": {
      "base_sigma": 4.245435532452438,
      "warp_sigma": 14.0,
      "warp_amp": 3.0,
      "hessian_sigma": 1.4,
      "ridge_strength": 1.0,
      "proto_q_hi": 0.92,
      "proto_q_lo": 0.84,
      "proto_close_iters": 3,
      "proto_open_iters": 0,
      "proto_min_component": 400,
      "use_skeleton": true,
      "skeleton_prune_lmin": 8,
      "reconnect_close_iters": 4,
      "radius_mode": "branch",
      "radius_jitter": 0.15,
      "radius_smooth_sigma": 3.0,
      "radius_scale_hint": 1.0,
      "prune_small_components": 0,
      "aniso_ratio": 3.0
    },
    "gray": {
      "write_gray": true,
      "marrow_mean": 15.0,
      "bone_mean": 200.0,
      "solid_fill_sigma": 3.0,
      "pve_sigma": 0.5,
      "noise_sd": 4.0,
      "bg_tex_sd": 2.0,
      "unsharp": 0.6,
      "unsharp_sigma": 0.8
    }
  },
  "shape_zyx": [
    80,
    256,
    256
  ],
  "voxel_um": 39.0
}