{
  "version": "v15",
  "label": "sample_026",
  "seed": 69,
  "morphometrics": {
    "BVTV": 0.41884765625,
    "TbTh_um_p50": 110.30865786510142,
    "TbTh_um_p90": 234.0,
    "TbSp_um_p50": 156.0,
    "TbSp_um_p90": 321.60223879817755,
    "TbN_per_mm": 2.951607205877815,
    "Euler": -32.0,
    "ConnProxy": 33.0,
    "n_components": 1,
    "lcc_frac": 1.0
  },
  "targets": {
    "bvtv_target": 0.4152619155707468,
    "tbth_um_target": 280.0,
    "tbn_target": 1.4830782698955243,
    "tbsp_um_target": 900.0
  },
  "validation": {
    "BV/TV": {
      "measured": 0.41884765625,
      "target": 0.4152619155707468,
      "rel_error": 0.008634889318768426,
      "pass": true
    },
    "Tb.Th": {
      "measured": 110.30865786510142,
      "target": 280.0,
      "rel_error": 0.6060405076246378,
      "pass": false
    },
    "Tb.N": {
      "measured": 2.951607205877815,
      "target": 1.4830782698955243,
      "rel_error": 0.9901897733864993,
      "pass": false
    },
    "Tb.Sp": {
      "measured": 156.0,
      "target": 900.0,
      "rel_error": 0.8266666666666667,
      "pass": false
    },
    "LCC": {
      "lcc_frac": 1.0,
      "pass": true
    }
  },
  "tamimi_warnings": [],
  "skeleton_stats": {
    "skel_voxels": 1084,
    "junctions": 644,
    "endpoints": 123,
    "ej_ratio": 0.19099378881987578
  },
  "thick_info": {
    "base_r": 3.58974358974359,
    "min_r": 1.0769230769230769,
    "scale": 1.0021629333496094,
    "bvtv_tgt": 0.4152619155707468,
    "bvtv_got": 0.4152587890625
  },
  "params": {
    "ridge": {
      "base_sigma": 4.322264401263179,
      "warp_sigma": 14.0,
      "warp_amp": 3.0,
      "hessian_sigma": 1.4,
      "ridge_strength": 1.0,
      "proto_q_hi": 0.92,
      "proto_q_lo": 0.84,
      "proto_close_iters": 2,
      "proto_open_iters": 0,
      "proto_min_component": 400,
      "use_skeleton": true,
      "skeleton_prune_lmin": 8,
      "reconnect_close_iters": 3,
      "radius_mode": "branch",
      "radius_jitter": 0.15,
      "radius_smooth_sigma": 3.0,
      "radius_scale_hint": 1.0,
      "prune_small_components": 0,
      "aniso_ratio": 3.0
    },
    "gray": {
      "write_gray": true,
      "marrow_mean": 15.0,
      "bone_mean": 240.0,
      "solid_fill_sigma": 3.0,
      "pve_sigma": 0.5,
      "noise_sd": 4.0,
      "bg_tex_sd": 2.0,
      "unsharp": 0.6,
      "unsharp_sigma": 0.8
    }
  },
  "shape_zyx": [
    20,
    64,
    64
  ],
  "voxel_um": 39.0
}