{
  "pipeline_version": "2.3",
  "fixes_applied": [
    "fix1_joint_sampling",
    "fix2_honest_lcc",
    "fix3_antifloor",
    "fix4_tbsp_sigma",
    "fix13_texture_features",
    "fix14_plate_mode"
  ],
  "generator_version": "v15",
  "timestamp": "2026-04-22T06:43:57.335927",
  "validation_gate": {
    "validates_on": "raw_morphology_before_keep_largest_component",
    "bvtv_rel_err_max": 0.08,
    "lcc_min": 0.95,
    "tbth_floor_um": 0.0,
    "tbsp_sigma_scale": 0.004
  },
  "joint_sampler": {
    "used": true,
    "n_sources": 18
  },
  "generation": {
    "num_samples_requested": 500,
    "num_samples_saved": 500,
    "shape": [
      40,
      128,
      128
    ],
    "voxel_um": 39.0,
    "plate_mode": true
  },
  "dimensionality_reduction": {
    "features_dir": "output\\independent_test_v2\\dataset_04\\features",
    "feature_type": "texture",
    "scaler": "robust",
    "results": {
      "PCA": {
        "n_components": 16,
        "variance_explained": 0.9954110980033875,
        "dist_preservation": null,
        "downstream_metrics": {
          "per_label": {
            "BVTV": {
              "r2": 0.8093000650405884,
              "mae": 0.01141846738755703
            },
            "TbTh_um_p50": {
              "r2": 0.9033174514770508,
              "mae": 6.6917924880981445
            },
            "TbN_per_mm": {
              "r2": 0.9399520754814148,
              "mae": 0.08356837928295135
            },
            "TbSp_um_p50": {
              "r2": 0.9351677894592285,
              "mae": 13.837454795837402
            }
          },
          "mean_r2": 0.8969343453645706,
          "mean_mae": 5.156058532651514
        }
      },
      "RP_gaussian": {
        "n_components": 16,
        "variance_explained": null,
        "dist_preservation": 0.9633634686470032,
        "downstream_metrics": {
          "per_label": {
            "BVTV": {
              "r2": 0.8051812648773193,
              "mae": 0.012099429033696651
            },
            "TbTh_um_p50": {
              "r2": 0.8909170627593994,
              "mae": 7.1742448806762695
            },
            "TbN_per_mm": {
              "r2": 0.9429195523262024,
              "mae": 0.08332522213459015
            },
            "TbSp_um_p50": {
              "r2": 0.9313991665840149,
              "mae": 14.393000602722168
            }
          },
          "mean_r2": 0.892604261636734,
          "mean_mae": 5.415667533641681
        }
      },
      "RP_sparse": {
        "n_components": 16,
        "variance_explained": null,
        "dist_preservation": 0.8985812067985535,
        "downstream_metrics": {
          "per_label": {
            "BVTV": {
              "r2": 0.8249406814575195,
              "mae": 0.01192929781973362
            },
            "TbTh_um_p50": {
              "r2": 0.9051887392997742,
              "mae": 6.736605644226074
            },
            "TbN_per_mm": {
              "r2": 0.9356141686439514,
              "mae": 0.08909144997596741
            },
            "TbSp_um_p50": {
              "r2": 0.9287980794906616,
              "mae": 14.79126262664795
            }
          },
          "mean_r2": 0.8986354172229767,
          "mean_mae": 5.407222254667431
        }
      },
      "UMAP": {
        "n_components": 16,
        "variance_explained": null,
        "dist_preservation": null,
        "downstream_metrics": {
          "per_label": {
            "BVTV": {
              "r2": 0.7462363243103027,
              "mae": 0.012520997785031796
            },
            "TbTh_um_p50": {
              "r2": 0.9070140719413757,
              "mae": 6.548912525177002
            },
            "TbN_per_mm": {
              "r2": 0.8984302282333374,
              "mae": 0.09828733652830124
            },
            "TbSp_um_p50": {
              "r2": 0.9219183921813965,
              "mae": 13.303977012634277
            }
          },
          "mean_r2": 0.8683997541666031,
          "mean_mae": 4.990924468031153
        }
      },
      "PLS": {
        "n_components": 4,
        "variance_explained": null,
        "dist_preservation": null,
        "downstream_metrics": {
          "per_label": {
            "BVTV": {
              "r2": 0.7979394551449531,
              "mae": 0.012139495054437335
            },
            "TbTh_um_p50": {
              "r2": 0.8957508953607716,
              "mae": 7.087042980633335
            },
            "TbN_per_mm": {
              "r2": 0.9388303732072458,
              "mae": 0.08596187077340517
            },
            "TbSp_um_p50": {
              "r2": 0.9272588268980321,
              "mae": 14.840028874581362
            }
          },
          "mean_r2": 0.8899448876527506,
          "mean_mae": 5.506293305260635
        }
      }
    },
    "quantum_files": {
      "PCA": "output\\independent_test_v2\\dataset_04\\features\\pca_quantum_ready.npz",
      "RP_gaussian": "output\\independent_test_v2\\dataset_04\\features\\rp_gaussian_quantum_ready.npz",
      "RP_sparse": "output\\independent_test_v2\\dataset_04\\features\\rp_sparse_quantum_ready.npz",
      "UMAP": "output\\independent_test_v2\\dataset_04\\features\\umap_quantum_ready.npz",
      "PLS": "output\\independent_test_v2\\dataset_04\\features\\pls_quantum_ready.npz"
    },
    "n_train": 400,
    "n_test": 100
  }
}