{
  "version": "v16",
  "label": "sample_002",
  "seed": 1100,
  "best_connectivity_score": 2299.3857106607,
  "connectivity": {
    "score": 2299.3857106607,
    "junctions": 41993,
    "endpoints": 6,
    "ej_ratio": 0.00014288095634986783
  },
  "morphometrics": {
    "BVTV": 0.30001220703125,
    "TbTh_um_p50": 110.30865786510142,
    "TbTh_um_p90": 174.4133022449836,
    "TbSp_um_p50": 281.23299948619115,
    "TbSp_um_p90": 706.3200407747186,
    "TbN_per_mm": 2.3512632934982256,
    "Euler": 37.0,
    "ConnProxy": -36.0,
    "n_components": 1,
    "lcc_frac": 1.0
  },
  "targets": {
    "bvtv_target": 0.3,
    "tbth_um_target": 180.0,
    "tbn_target": 1.6666666666666667,
    "tbsp_um_target": 900.0
  },
  "validation": {
    "BV/TV": {
      "measured": 0.30001220703125,
      "target": 0.3,
      "rel_error": 4.069010416662966e-05,
      "tolerance": 0.05,
      "pass": true
    },
    "Tb.Th": {
      "measured": 110.30865786510142,
      "target": 180.0,
      "rel_error": 0.38717412297165876,
      "tolerance": 0.15,
      "pass": false
    },
    "Tb.N": {
      "measured": 2.3512632934982256,
      "target": 1.6666666666666667,
      "rel_error": 0.4107579760989353,
      "tolerance": 0.2,
      "pass": false
    },
    "Tb.Sp": {
      "measured": 281.23299948619115,
      "target": 900.0,
      "rel_error": 0.6875188894597876,
      "tolerance": 0.15,
      "pass": false
    },
    "Connectivity (LCC)": {
      "lcc_frac": 1.0,
      "n_components": 1,
      "pass": true
    }
  },
  "tamimi_warnings": [],
  "skeleton_stats": {
    "skel_voxels": 42015,
    "junctions": 41993,
    "endpoints": 6,
    "ej_ratio": 0.00014288095634986783
  },
  "component_stats": {
    "n_components": 1,
    "lcc_frac": 1.0
  },
  "thick_info": {
    "base_r": 2.3076923076923075,
    "min_r": 0.6923076923076922,
    "scale": 0.8667395114898682,
    "bvtv_tgt": 0.3,
    "bvtv_got": 0.30009613037109373,
    "warn_target_miss": false
  },
  "proto_info": {
    "hysteresis": {
      "thr_lo": 0.06419774144887924,
      "thr_hi": 0.08884904533624649
    },
    "used_skeleton": true,
    "skel_mode": "skimage",
    "prune": {
      "prune_lmin": 6,
      "vox_removed": 13
    },
    "rod_weight": 0.1,
    "plate_weight": 0.9
  },
  "params": {
    "ridge": {
      "base_sigma": 5.5,
      "warp_sigma": 14.0,
      "warp_amp": 6.0,
      "hessian_sigma": 1.1,
      "ridge_strength": 1.0,
      "proto_q_hi": 0.82,
      "proto_q_lo": 0.7,
      "proto_close_iters": 3,
      "proto_open_iters": 0,
      "proto_min_component": 250,
      "use_skeleton": true,
      "skeleton_prune_lmin": 6,
      "reconnect_close_iters": 0,
      "radius_mode": "branch",
      "radius_jitter": 0.05,
      "radius_smooth_sigma": 3.0,
      "radius_scale_hint": 1.0,
      "prune_small_components": 0,
      "aniso_ratio": 1.1,
      "rod_weight": 0.1,
      "plate_weight": 0.9,
      "coarse_weight": 0.5,
      "medium_weight": 0.35,
      "fine_weight": 0.15,
      "sheet_q": 0.85,
      "bridge_dilate_iters": 0,
      "bridge_close_iters": 0
    },
    "gray": {
      "write_gray": true,
      "marrow_mean": 15.0,
      "bone_mean": 65.0,
      "solid_fill_sigma": 1.0,
      "pve_sigma": 0.5,
      "noise_sd": 4.0,
      "bg_tex_sd": 2.0,
      "unsharp": 0.6,
      "unsharp_sigma": 0.8
    },
    "retry_attempts": 4,
    "round_sigma": 0.3
  },
  "shape_zyx": [
    40,
    128,
    128
  ],
  "voxel_um": 39.0
}