{
  "version": "v15",
  "label": "sample_196",
  "seed": 1597,
  "morphometrics": {
    "BVTV": 0.21181488037109375,
    "TbTh_um_p50": 78.0,
    "TbTh_um_p90": 110.30865786510142,
    "TbSp_um_p50": 174.4133022449836,
    "TbSp_um_p90": 357.4409042065555,
    "TbN_per_mm": 2.3394299953206144,
    "Euler": -208.0,
    "ConnProxy": 209.0,
    "n_components": 1,
    "lcc_frac": 1.0
  },
  "morphometrics_raw": {
    "BVTV": 0.21181488037109375,
    "TbTh_um_p50": 78.0,
    "TbTh_um_p90": 110.30865786510142,
    "TbSp_um_p50": 174.4133022449836,
    "TbSp_um_p90": 357.4409042065555,
    "TbN_per_mm": 2.3394299953206144,
    "Euler": -208.0,
    "ConnProxy": 209.0,
    "n_components": 1,
    "lcc_frac": 1.0
  },
  "targets": {
    "bvtv_target": 0.20748343994673873,
    "tbth_um_target": 231.49805984814037,
    "tbn_target": 0.8962642714277825,
    "tbsp_um_target": 212.3546387319111
  },
  "params": {
    "ridge": {
      "base_sigma": 3.8494185549276443,
      "warp_sigma": 10.0,
      "warp_amp": 1.5,
      "hessian_sigma": 1.4,
      "ridge_strength": 1.0,
      "proto_q_hi": 0.78,
      "proto_q_lo": 0.65,
      "proto_close_iters": 1,
      "proto_open_iters": 0,
      "proto_min_component": 0,
      "use_skeleton": true,
      "skeleton_prune_lmin": 8,
      "reconnect_close_iters": 3,
      "radius_mode": "branch",
      "radius_jitter": 0.04,
      "radius_smooth_sigma": 3.0,
      "radius_scale_hint": 1.0,
      "prune_small_components": 0,
      "aniso_ratio": 1.0,
      "plate_weight": 0.7,
      "rod_weight": 0.3
    },
    "gray": {
      "write_gray": true,
      "marrow_mean": 20.0,
      "bone_mean": 95.0,
      "solid_fill_sigma": 1.8,
      "pve_sigma": 0.5,
      "noise_sd": 3.0,
      "bg_tex_sd": 1.0,
      "unsharp": 0.6,
      "unsharp_sigma": 0.8
    },
    "bs_tbsp_adjusted": 3.8494185549276443,
    "tbsp_target": 212.3546387319111,
    "plate_mode": true
  },
  "shape_zyx": [
    40,
    128,
    128
  ],
  "voxel_um": 39.0
}