{
  "version": "v15",
  "label": "sample_000",
  "seed": 43,
  "morphometrics": {
    "BVTV": 0.38391456604003904,
    "TbTh_um_p50": 156.0,
    "TbTh_um_p90": 281.23299948619115,
    "TbSp_um_p50": 191.06019993708787,
    "TbSp_um_p90": 405.2998889711173,
    "TbN_per_mm": 2.3874623841914766,
    "Euler": -1403.0,
    "ConnProxy": 1404.0,
    "n_components": 1,
    "lcc_frac": 1.0
  },
  "targets": {
    "bvtv_target": 0.38347745056872307,
    "tbth_um_target": 216.5957674841755,
    "tbn_target": 1.7704752730070774,
    "tbsp_um_target": 900.0
  },
  "validation": {
    "BV/TV": {
      "measured": 0.38391456604003904,
      "target": 0.38347745056872307,
      "rel_error": 0.0011398726852588131,
      "pass": true
    },
    "Tb.Th": {
      "measured": 156.0,
      "target": 216.5957674841755,
      "rel_error": 0.27976431944175745,
      "pass": false
    },
    "Tb.N": {
      "measured": 2.3874623841914766,
      "target": 1.7704752730070774,
      "rel_error": 0.34848671460769554,
      "pass": false
    },
    "Tb.Sp": {
      "measured": 191.06019993708787,
      "target": 900.0,
      "rel_error": 0.7877108889587913,
      "pass": false
    },
    "LCC": {
      "lcc_frac": 1.0,
      "pass": true
    }
  },
  "tamimi_warnings": [],
  "skeleton_stats": {
    "skel_voxels": 99469,
    "junctions": 81716,
    "endpoints": 5014,
    "ej_ratio": 0.061358852611483675
  },
  "thick_info": {
    "base_r": 2.7768688138996858,
    "min_r": 0.8330606441699057,
    "scale": 1.4340304732322693,
    "bvtv_tgt": 0.38347745056872307,
    "bvtv_got": 0.38347740173339845
  },
  "params": {
    "ridge": {
      "base_sigma": 6.0,
      "warp_sigma": 14.0,
      "warp_amp": 3.0,
      "hessian_sigma": 1.8,
      "ridge_strength": 1.0,
      "proto_q_hi": 0.9,
      "proto_q_lo": 0.82,
      "proto_close_iters": 3,
      "proto_open_iters": 0,
      "proto_min_component": 400,
      "use_skeleton": true,
      "skeleton_prune_lmin": 8,
      "reconnect_close_iters": 4,
      "radius_mode": "branch",
      "radius_jitter": 0.1,
      "radius_smooth_sigma": 3.0,
      "radius_scale_hint": 1.0,
      "prune_small_components": 0,
      "aniso_ratio": 3.5
    },
    "gray": {
      "write_gray": true,
      "marrow_mean": 15.0,
      "bone_mean": 200.0,
      "solid_fill_sigma": 1.5,
      "pve_sigma": 0.5,
      "noise_sd": 4.0,
      "bg_tex_sd": 2.0,
      "unsharp": 0.6,
      "unsharp_sigma": 0.8
    }
  },
  "shape_zyx": [
    80,
    256,
    256
  ],
  "voxel_um": 39.0
}