{
  "version": "v15_honeycomb",
  "label": "sample_000",
  "seed": 101,
  "morphometrics": {
    "BVTV": 0.10495758056640625,
    "TbTh_um_p50": 220.61731573020285,
    "TbTh_um_p90": 390.0,
    "TbSp_um_p50": 1355.4954813646557,
    "TbSp_um_p90": 3407.9841548927425,
    "TbN_per_mm": 0.4841017052108421,
    "Euler": 2.0,
    "ConnProxy": -1.0,
    "n_components": 1,
    "lcc_frac": 1.0
  },
  "targets": {
    "bvtv_target": 0.38,
    "tbth_um_target": 120.0,
    "tbn_target": 3.166666666666667,
    "tbsp_um_target": 700.0
  },
  "validation": {
    "BV/TV": {
      "measured": 0.10495758056640625,
      "target": 0.38,
      "rel_error": 0.7237958406147204,
      "pass": false
    },
    "Tb.Th": {
      "measured": 220.61731573020285,
      "target": 120.0,
      "rel_error": 0.8384776310850237,
      "pass": false
    },
    "Tb.N": {
      "measured": 0.4841017052108421,
      "target": 3.166666666666667,
      "rel_error": 0.8471257773018394,
      "pass": false
    },
    "Tb.Sp": {
      "measured": 1355.4954813646557,
      "target": 700.0,
      "rel_error": 0.9364221162352224,
      "pass": false
    },
    "LCC": {
      "lcc_frac": 1.0,
      "pass": true
    }
  },
  "tamimi_warnings": [
    "TbN_per_mm=0.48 outside [0.5,5.0]",
    "TbSp_um_p50=1355.50 outside [150.0,1200.0]"
  ],
  "skeleton_stats": {
    "skel_voxels": 7715,
    "junctions": 7676,
    "endpoints": 5,
    "ej_ratio": 0.0006513809275664409
  },
  "thick_info": {
    "base_r": 1.5384615384615385,
    "min_r": 0.5,
    "scale": 2.9986572265625,
    "bvtv_tgt": 0.38,
    "bvtv_got": 0.10495758056640625,
    "warn_target_miss": true
  },
  "params": {
    "ridge": {
      "base_sigma": 1.5,
      "warp_sigma": 12.0,
      "warp_amp": 1.8,
      "hessian_sigma": 1.4,
      "ridge_strength": 1.0,
      "proto_q_hi": 0.78,
      "proto_q_lo": 0.65,
      "proto_close_iters": 3,
      "proto_open_iters": 0,
      "proto_min_component": 400,
      "use_skeleton": true,
      "skeleton_prune_lmin": 8,
      "reconnect_close_iters": 3,
      "radius_mode": "branch",
      "radius_jitter": 0.04,
      "radius_smooth_sigma": 3.0,
      "radius_scale_hint": 1.0,
      "prune_small_components": 0,
      "aniso_ratio": 1.0,
      "plate_weight": 0.7,
      "rod_weight": 0.3
    },
    "gray": {
      "write_gray": true,
      "marrow_mean": 15.0,
      "bone_mean": 90.0,
      "solid_fill_sigma": 0.8,
      "pve_sigma": 0.5,
      "noise_sd": 2.0,
      "bg_tex_sd": 0.5,
      "unsharp": 0.6,
      "unsharp_sigma": 0.8
    }
  },
  "shape_zyx": [
    40,
    128,
    128
  ],
  "voxel_um": 39.0
}