{
  "version": "v16",
  "label": "sample_000",
  "seed": 43,
  "best_connectivity_score": 2295.7401464826694,
  "connectivity": {
    "score": 2295.7401464826694,
    "junctions": 69455,
    "endpoints": 42,
    "ej_ratio": 0.0006047080843711755
  },
  "morphometrics": {
    "BVTV": 0.3524871826171875,
    "TbTh_um_p50": 110.30865786510142,
    "TbTh_um_p90": 156.0,
    "TbSp_um_p50": 191.06019993708787,
    "TbSp_um_p90": 499.4436905197622,
    "TbN_per_mm": 3.2527956216978198,
    "Euler": 123.0,
    "ConnProxy": -122.0,
    "n_components": 1,
    "lcc_frac": 1.0
  },
  "targets": {
    "bvtv_target": 0.35,
    "tbth_um_target": 180.0,
    "tbn_target": 1.9444444444444444,
    "tbsp_um_target": 900.0
  },
  "validation": {
    "BV/TV": {
      "measured": 0.3524871826171875,
      "target": 0.35,
      "rel_error": 0.007106236049107143,
      "tolerance": 0.05,
      "pass": true
    },
    "Tb.Th": {
      "measured": 110.30865786510142,
      "target": 180.0,
      "rel_error": 0.38717412297165876,
      "tolerance": 0.15,
      "pass": false
    },
    "Tb.N": {
      "measured": 3.2527956216978198,
      "target": 1.9444444444444444,
      "rel_error": 0.6728663197303073,
      "tolerance": 0.2,
      "pass": false
    },
    "Tb.Sp": {
      "measured": 191.06019993708787,
      "target": 900.0,
      "rel_error": 0.7877108889587913,
      "tolerance": 0.15,
      "pass": false
    },
    "Connectivity (LCC)": {
      "lcc_frac": 1.0,
      "n_components": 1,
      "pass": true
    }
  },
  "tamimi_warnings": [],
  "skeleton_stats": {
    "skel_voxels": 69592,
    "junctions": 69455,
    "endpoints": 42,
    "ej_ratio": 0.0006047080843711755
  },
  "component_stats": {
    "n_components": 1,
    "lcc_frac": 1.0
  },
  "thick_info": {
    "base_r": 2.3076923076923075,
    "min_r": 0.6923076923076922,
    "scale": 0.6255487501621246,
    "bvtv_tgt": 0.35,
    "bvtv_got": 0.35261383056640627,
    "warn_target_miss": false
  },
  "proto_info": {
    "hysteresis": {
      "thr_lo": 0.15482330322265625,
      "thr_hi": 0.2279115915298462
    },
    "used_skeleton": true,
    "skel_mode": "skimage",
    "prune": {
      "prune_lmin": 6,
      "vox_removed": 24
    },
    "rod_weight": 0.3,
    "plate_weight": 0.7
  },
  "params": {
    "ridge": {
      "base_sigma": 4.0,
      "warp_sigma": 14.0,
      "warp_amp": 2.0,
      "hessian_sigma": 1.4,
      "ridge_strength": 1.0,
      "proto_q_hi": 0.78,
      "proto_q_lo": 0.65,
      "proto_close_iters": 2,
      "proto_open_iters": 0,
      "proto_min_component": 250,
      "use_skeleton": true,
      "skeleton_prune_lmin": 6,
      "reconnect_close_iters": 0,
      "radius_mode": "branch",
      "radius_jitter": 0.05,
      "radius_smooth_sigma": 3.0,
      "radius_scale_hint": 1.0,
      "prune_small_components": 0,
      "aniso_ratio": 1.2,
      "rod_weight": 0.3,
      "plate_weight": 0.7,
      "coarse_weight": 0.5,
      "medium_weight": 0.35,
      "fine_weight": 0.15,
      "sheet_q": 0.85,
      "bridge_dilate_iters": 0,
      "bridge_close_iters": 0
    },
    "gray": {
      "write_gray": true,
      "marrow_mean": 15.0,
      "bone_mean": 70.0,
      "solid_fill_sigma": 1.5,
      "pve_sigma": 0.5,
      "noise_sd": 4.0,
      "bg_tex_sd": 2.0,
      "unsharp": 0.6,
      "unsharp_sigma": 0.8
    },
    "retry_attempts": 4,
    "round_sigma": 0.5
  },
  "shape_zyx": [
    40,
    128,
    128
  ],
  "voxel_um": 39.0
}