{
  "version": "v15",
  "label": "sample_011",
  "seed": 54,
  "morphometrics": {
    "BVTV": 0.27200927734375,
    "TbTh_um_p50": 110.30865786510142,
    "TbTh_um_p90": 220.61731573020285,
    "TbSp_um_p50": 234.0,
    "TbSp_um_p90": 567.8485713638804,
    "TbN_per_mm": 2.088898555973201,
    "Euler": -21.0,
    "ConnProxy": 22.0,
    "n_components": 1,
    "lcc_frac": 1.0
  },
  "targets": {
    "bvtv_target": 0.2726841917251996,
    "tbth_um_target": 280.0,
    "tbn_target": 0.9738721133042841,
    "tbsp_um_target": 900.0
  },
  "validation": {
    "BV/TV": {
      "measured": 0.27200927734375,
      "target": 0.2726841917251996,
      "rel_error": 0.0024750770375780245,
      "pass": true
    },
    "Tb.Th": {
      "measured": 110.30865786510142,
      "target": 280.0,
      "rel_error": 0.6060405076246378,
      "pass": false
    },
    "Tb.N": {
      "measured": 2.088898555973201,
      "target": 0.9738721133042841,
      "rel_error": 1.1449413402810205,
      "pass": false
    },
    "Tb.Sp": {
      "measured": 234.0,
      "target": 900.0,
      "rel_error": 0.74,
      "pass": false
    },
    "LCC": {
      "lcc_frac": 1.0,
      "pass": true
    }
  },
  "tamimi_warnings": [],
  "skeleton_stats": {
    "skel_voxels": 763,
    "junctions": 432,
    "endpoints": 95,
    "ej_ratio": 0.2199074074074074
  },
  "thick_info": {
    "base_r": 3.58974358974359,
    "min_r": 1.0769230769230769,
    "scale": 0.8904399871826172,
    "bvtv_tgt": 0.2726841917251996,
    "bvtv_got": 0.27271728515625
  },
  "params": {
    "ridge": {
      "base_sigma": 6.582236335433029,
      "warp_sigma": 14.0,
      "warp_amp": 3.0,
      "hessian_sigma": 1.4,
      "ridge_strength": 1.0,
      "proto_q_hi": 0.92,
      "proto_q_lo": 0.84,
      "proto_close_iters": 2,
      "proto_open_iters": 0,
      "proto_min_component": 400,
      "use_skeleton": true,
      "skeleton_prune_lmin": 8,
      "reconnect_close_iters": 3,
      "radius_mode": "branch",
      "radius_jitter": 0.15,
      "radius_smooth_sigma": 3.0,
      "radius_scale_hint": 1.0,
      "prune_small_components": 0,
      "aniso_ratio": 3.0
    },
    "gray": {
      "write_gray": true,
      "marrow_mean": 15.0,
      "bone_mean": 240.0,
      "solid_fill_sigma": 3.0,
      "pve_sigma": 0.5,
      "noise_sd": 4.0,
      "bg_tex_sd": 2.0,
      "unsharp": 0.6,
      "unsharp_sigma": 0.8
    }
  },
  "shape_zyx": [
    20,
    64,
    64
  ],
  "voxel_um": 39.0
}