{
  "version": "v15",
  "label": "sample_017",
  "seed": 60,
  "morphometrics": {
    "BVTV": 0.41805419921875,
    "TbTh_um_p50": 135.09996299037243,
    "TbTh_um_p90": 312.0,
    "TbSp_um_p50": 174.4133022449836,
    "TbSp_um_p90": 390.0,
    "TbN_per_mm": 2.4775041684643924,
    "Euler": -19.0,
    "ConnProxy": 20.0,
    "n_components": 1,
    "lcc_frac": 1.0
  },
  "targets": {
    "bvtv_target": 0.41582632067916764,
    "tbth_um_target": 100.0,
    "tbn_target": 4.0,
    "tbsp_um_target": 900.0
  },
  "validation": {
    "BV/TV": {
      "measured": 0.41805419921875,
      "target": 0.41582632067916764,
      "rel_error": 0.005357714095499183,
      "pass": true
    },
    "Tb.Th": {
      "measured": 135.09996299037243,
      "target": 100.0,
      "rel_error": 0.35099962990372435,
      "pass": false
    },
    "Tb.N": {
      "measured": 2.4775041684643924,
      "target": 4.0,
      "rel_error": 0.3806239578839019,
      "pass": false
    },
    "Tb.Sp": {
      "measured": 174.4133022449836,
      "target": 900.0,
      "rel_error": 0.8062074419500183,
      "pass": false
    },
    "LCC": {
      "lcc_frac": 1.0,
      "pass": true
    }
  },
  "tamimi_warnings": [],
  "skeleton_stats": {
    "skel_voxels": 4635,
    "junctions": 4330,
    "endpoints": 95,
    "ej_ratio": 0.021939953810623556
  },
  "thick_info": {
    "base_r": 1.2820512820512822,
    "min_r": 0.5,
    "scale": 2.65960693359375,
    "bvtv_tgt": 0.41582632067916764,
    "bvtv_got": 0.41580810546875
  },
  "params": {
    "ridge": {
      "base_sigma": 1.6025641025641026,
      "warp_sigma": 14.0,
      "warp_amp": 3.0,
      "hessian_sigma": 1.4,
      "ridge_strength": 1.0,
      "proto_q_hi": 0.92,
      "proto_q_lo": 0.84,
      "proto_close_iters": 2,
      "proto_open_iters": 0,
      "proto_min_component": 400,
      "use_skeleton": true,
      "skeleton_prune_lmin": 8,
      "reconnect_close_iters": 3,
      "radius_mode": "branch",
      "radius_jitter": 0.15,
      "radius_smooth_sigma": 3.0,
      "radius_scale_hint": 1.0,
      "prune_small_components": 0,
      "aniso_ratio": 3.0
    },
    "gray": {
      "write_gray": true,
      "marrow_mean": 15.0,
      "bone_mean": 240.0,
      "solid_fill_sigma": 3.0,
      "pve_sigma": 0.5,
      "noise_sd": 4.0,
      "bg_tex_sd": 2.0,
      "unsharp": 0.6,
      "unsharp_sigma": 0.8
    }
  },
  "shape_zyx": [
    20,
    64,
    64
  ],
  "voxel_um": 39.0
}