{
  "version": "v16",
  "label": "sample_076",
  "seed": 84,
  "morphometrics": {
    "BVTV": 0.14879913330078126,
    "TbTh_um_p50": 78.0,
    "TbTh_um_p90": 135.09996299037243,
    "TbSp_um_p50": 220.61731573020285,
    "TbSp_um_p90": 448.0758864299662,
    "TbN_per_mm": 1.5587298298963028,
    "Euler": -239.0,
    "ConnProxy": 240.0,
    "n_components": 1,
    "lcc_frac": 1.0
  },
  "morphometrics_raw": {
    "BVTV": 0.15178680419921875,
    "TbTh_um_p50": 78.0,
    "TbTh_um_p90": 135.09996299037243,
    "TbSp_um_p50": 220.61731573020285,
    "TbSp_um_p90": 420.0428549564913,
    "TbN_per_mm": 1.5916332279664134,
    "Euler": -238.0,
    "ConnProxy": 239.0,
    "n_components": 3,
    "lcc_frac": 0.9803166624780095
  },
  "targets": {
    "bvtv_target": 0.16841884123510661,
    "tbth_um_target": 160.51711861361792,
    "tbn_target": 1.0492266662256067,
    "tbsp_um_target": 309.39691784557954
  },
  "params": {
    "ridge": {
      "base_sigma": 6.237587671382318,
      "warp_sigma": 14.0,
      "warp_amp": 3.0,
      "hessian_sigma": 1.4,
      "ridge_strength": 1.0,
      "proto_q_hi": 0.92,
      "proto_q_lo": 0.84,
      "proto_close_iters": 2,
      "proto_open_iters": 0,
      "proto_min_component": 400,
      "use_skeleton": true,
      "skeleton_prune_lmin": 8,
      "reconnect_close_iters": 3,
      "radius_mode": "branch",
      "radius_jitter": 0.15,
      "radius_smooth_sigma": 3.0,
      "radius_scale_hint": 1.0,
      "prune_small_components": 0,
      "aniso_ratio": 3.0,
      "rod_weight": 1.0,
      "plate_weight": 0.0,
      "coarse_weight": 0.5,
      "medium_weight": 0.35,
      "fine_weight": 0.15,
      "sheet_q": 0.92,
      "bridge_dilate_iters": 0,
      "bridge_close_iters": 0
    },
    "gray": {
      "write_gray": true,
      "marrow_mean": 15.0,
      "bone_mean": 240.0,
      "solid_fill_sigma": 3.0,
      "pve_sigma": 0.5,
      "noise_sd": 3.0,
      "bg_tex_sd": 1.0,
      "unsharp": 0.6,
      "unsharp_sigma": 0.8
    },
    "bs_tbsp_adjusted": 6.237587671382318,
    "tbsp_target": 309.39691784557954
  },
  "shape_zyx": [
    40,
    128,
    128
  ],
  "voxel_um": 39.0
}