{
  "version": "v16",
  "label": "sample_009",
  "seed": 17,
  "morphometrics": {
    "BVTV": 0.1499786376953125,
    "TbTh_um_p50": 78.0,
    "TbTh_um_p90": 135.09996299037243,
    "TbSp_um_p50": 220.61731573020285,
    "TbSp_um_p90": 420.0428549564913,
    "TbN_per_mm": 1.564389994800945,
    "Euler": -203.0,
    "ConnProxy": 204.0,
    "n_components": 1,
    "lcc_frac": 1.0
  },
  "morphometrics_raw": {
    "BVTV": 0.150982666015625,
    "TbTh_um_p50": 78.0,
    "TbTh_um_p90": 135.09996299037243,
    "TbSp_um_p50": 220.61731573020285,
    "TbSp_um_p90": 405.2998889711173,
    "TbN_per_mm": 1.5751526508361218,
    "Euler": -206.0,
    "ConnProxy": 207.0,
    "n_components": 2,
    "lcc_frac": 0.9933500424465376
  },
  "targets": {
    "bvtv_target": 0.16758124834715377,
    "tbth_um_target": 219.01245768651637,
    "tbn_target": 0.7651676535543074,
    "tbsp_um_target": 361.9211624448639
  },
  "params": {
    "ridge": {
      "base_sigma": 6.447684649779456,
      "warp_sigma": 14.0,
      "warp_amp": 3.0,
      "hessian_sigma": 1.4,
      "ridge_strength": 1.0,
      "proto_q_hi": 0.92,
      "proto_q_lo": 0.84,
      "proto_close_iters": 2,
      "proto_open_iters": 0,
      "proto_min_component": 400,
      "use_skeleton": true,
      "skeleton_prune_lmin": 8,
      "reconnect_close_iters": 3,
      "radius_mode": "branch",
      "radius_jitter": 0.15,
      "radius_smooth_sigma": 3.0,
      "radius_scale_hint": 1.0,
      "prune_small_components": 0,
      "aniso_ratio": 3.0,
      "rod_weight": 1.0,
      "plate_weight": 0.0,
      "coarse_weight": 0.5,
      "medium_weight": 0.35,
      "fine_weight": 0.15,
      "sheet_q": 0.92,
      "bridge_dilate_iters": 0,
      "bridge_close_iters": 0
    },
    "gray": {
      "write_gray": true,
      "marrow_mean": 15.0,
      "bone_mean": 240.0,
      "solid_fill_sigma": 3.0,
      "pve_sigma": 0.5,
      "noise_sd": 3.0,
      "bg_tex_sd": 1.0,
      "unsharp": 0.6,
      "unsharp_sigma": 0.8
    },
    "bs_tbsp_adjusted": 6.447684649779456,
    "tbsp_target": 361.9211624448639
  },
  "shape_zyx": [
    40,
    128,
    128
  ],
  "voxel_um": 39.0
}