{
  "version": "v15.3_zerocross",
  "label": "sample_000",
  "seed": 104,
  "morphometrics": {
    "BVTV": 0.41873321533203123,
    "TbTh_um_p50": 110.30865786510142,
    "TbTh_um_p90": 174.4133022449836,
    "TbSp_um_p50": 135.09996299037243,
    "TbSp_um_p90": 258.6967336477212,
    "TbN_per_mm": 3.6580152900982865,
    "Euler": -181.0,
    "ConnProxy": 182.0,
    "n_components": 1,
    "lcc_frac": 1.0
  },
  "targets": {
    "bvtv_target": 0.42,
    "tbth_um_target": 180.0,
    "tbn_target": 2.3333333333333335,
    "tbsp_um_target": 700.0
  },
  "validation": {
    "BV/TV": {
      "measured": 0.41873321533203123,
      "target": 0.42,
      "rel_error": 0.0030161539713541826,
      "pass": true
    },
    "Tb.Th": {
      "measured": 110.30865786510142,
      "target": 180.0,
      "rel_error": 0.38717412297165876,
      "pass": false
    },
    "Tb.N": {
      "measured": 3.6580152900982865,
      "target": 2.3333333333333335,
      "rel_error": 0.5677208386135513,
      "pass": false
    },
    "Tb.Sp": {
      "measured": 135.09996299037243,
      "target": 700.0,
      "rel_error": 0.8070000528708965,
      "pass": false
    },
    "LCC": {
      "lcc_frac": 1.0,
      "pass": true
    }
  },
  "tamimi_warnings": [
    "TbSp_um_p50=135.10 outside [150.0,1200.0]"
  ],
  "skeleton_stats": {},
  "thick_info": {
    "mode": "plate_direct",
    "plate_weight": 0.7,
    "rod_weight": 0.3,
    "calibration": {
      "bvtv_target": 0.42,
      "bvtv_got": 0.41873321533203123,
      "wall_thickness": 0.5465346066653728,
      "best_err": 0.0012667846679687567
    },
    "used_skeleton": false
  },
  "params": {
    "ridge": {
      "base_sigma": 3.0,
      "warp_sigma": 10.0,
      "warp_amp": 1.5,
      "hessian_sigma": 1.4,
      "ridge_strength": 1.0,
      "proto_q_hi": 0.78,
      "proto_q_lo": 0.65,
      "proto_close_iters": 1,
      "proto_open_iters": 0,
      "proto_min_component": 400,
      "use_skeleton": true,
      "skeleton_prune_lmin": 8,
      "reconnect_close_iters": 3,
      "radius_mode": "branch",
      "radius_jitter": 0.04,
      "radius_smooth_sigma": 3.0,
      "radius_scale_hint": 1.0,
      "prune_small_components": 0,
      "aniso_ratio": 1.0,
      "plate_weight": 0.7,
      "rod_weight": 0.3
    },
    "gray": {
      "write_gray": true,
      "marrow_mean": 20.0,
      "bone_mean": 95.0,
      "solid_fill_sigma": 1.8,
      "pve_sigma": 0.5,
      "noise_sd": 3.0,
      "bg_tex_sd": 1.0,
      "unsharp": 0.6,
      "unsharp_sigma": 0.8
    }
  },
  "shape_zyx": [
    40,
    128,
    128
  ],
  "voxel_um": 39.0
}