{
  "version": "v15_reworked_connected",
  "label": "sample_002",
  "seed": 45,
  "best_connectivity_score": 457612.99191168434,
  "connectivity": {
    "score": 457612.99191168434,
    "junctions": 228725,
    "endpoints": 37,
    "ej_ratio": 0.0001617663132582796
  },
  "morphometrics": {
    "BVTV": 0.22193412780761718,
    "TbTh_um_p50": 135.09996299037243,
    "TbTh_um_p90": 234.0,
    "TbSp_um_p50": 468.0,
    "TbSp_um_p90": 1316.7915552584625,
    "TbN_per_mm": 1.616474356444918,
    "Euler": 74.0,
    "ConnProxy": -73.0,
    "n_components": 1,
    "lcc_frac": 1.0
  },
  "targets": {
    "bvtv_target": 0.22,
    "tbth_um_target": 180.0,
    "tbn_target": 1.3069883341129942,
    "tbsp_um_target": 900.0
  },
  "validation": {
    "BV/TV": {
      "measured": 0.22193412780761718,
      "target": 0.22,
      "rel_error": 0.008791490034623524,
      "pass": true
    },
    "Tb.Th": {
      "measured": 135.09996299037243,
      "target": 180.0,
      "rel_error": 0.24944465005348648,
      "pass": false
    },
    "Tb.N": {
      "measured": 1.616474356444918,
      "target": 1.3069883341129942,
      "rel_error": 0.2367932553445175,
      "pass": false
    },
    "Tb.Sp": {
      "measured": 468.0,
      "target": 900.0,
      "rel_error": 0.48,
      "pass": false
    },
    "LCC": {
      "lcc_frac": 1.0,
      "pass": true
    }
  },
  "tamimi_warnings": [],
  "skeleton_stats": {
    "skel_voxels": 228861,
    "junctions": 228725,
    "endpoints": 37,
    "ej_ratio": 0.0001617663132582796
  },
  "component_stats": {
    "n_components": 1,
    "lcc_frac": 1.0
  },
  "thick_info": {
    "base_r": 2.3076923076923075,
    "min_r": 0.6923076923076922,
    "scale": 0.9620039761066437,
    "bvtv_tgt": 0.22,
    "bvtv_got": 0.22026729583740234
  },
  "proto_info": {
    "hysteresis": {
      "thr_lo": 0.48640179216861723,
      "thr_hi": 0.5703834891319275
    },
    "used_skeleton": true,
    "skel_mode": "skimage",
    "prune": {
      "prune_lmin": 4,
      "vox_removed": 3
    },
    "rod_weight": 0.65,
    "plate_weight": 0.35
  },
  "params": {
    "ridge": {
      "base_sigma": 5.2,
      "warp_sigma": 16.0,
      "warp_amp": 2.0,
      "hessian_sigma": 1.5,
      "ridge_strength": 1.0,
      "proto_q_hi": 0.87,
      "proto_q_lo": 0.78,
      "proto_close_iters": 4,
      "proto_open_iters": 0,
      "proto_min_component": 150,
      "use_skeleton": true,
      "skeleton_prune_lmin": 4,
      "reconnect_close_iters": 5,
      "radius_mode": "branch",
      "radius_jitter": 0.08,
      "radius_smooth_sigma": 3.0,
      "radius_scale_hint": 1.0,
      "prune_small_components": 0,
      "aniso_ratio": 2.2,
      "rod_weight": 0.65,
      "plate_weight": 0.35,
      "coarse_weight": 0.5,
      "medium_weight": 0.35,
      "fine_weight": 0.15,
      "sheet_q": 0.78,
      "bridge_dilate_iters": 1,
      "bridge_close_iters": 2
    },
    "gray": {
      "write_gray": true,
      "marrow_mean": 15.0,
      "bone_mean": 200.0,
      "solid_fill_sigma": null,
      "pve_sigma": 0.5,
      "noise_sd": 4.0,
      "bg_tex_sd": 2.0,
      "unsharp": 0.6,
      "unsharp_sigma": 0.8
    },
    "retry_attempts": 5
  },
  "shape_zyx": [
    80,
    256,
    256
  ],
  "voxel_um": 39.0
}