{
  "version": "v15",
  "label": "sample_028",
  "seed": 71,
  "morphometrics": {
    "BVTV": 0.2215087890625,
    "TbTh_um_p50": 110.30865786510142,
    "TbTh_um_p90": 191.06019993708787,
    "TbSp_um_p50": 234.0,
    "TbSp_um_p90": 588.8870859511185,
    "TbN_per_mm": 1.79529551241044,
    "Euler": -8.0,
    "ConnProxy": 9.0,
    "n_components": 1,
    "lcc_frac": 1.0
  },
  "targets": {
    "bvtv_target": 0.2348381259267716,
    "tbth_um_target": 280.0,
    "tbn_target": 0.8387075925956128,
    "tbsp_um_target": 783.020578380783
  },
  "validation": {
    "BV/TV": {
      "measured": 0.2215087890625,
      "target": 0.2348381259267716,
      "rel_error": 0.056759679935565674,
      "pass": false
    },
    "Tb.Th": {
      "measured": 110.30865786510142,
      "target": 280.0,
      "rel_error": 0.6060405076246378,
      "pass": false
    },
    "Tb.N": {
      "measured": 1.79529551241044,
      "target": 0.8387075925956128,
      "rel_error": 1.1405499702875004,
      "pass": false
    },
    "Tb.Sp": {
      "measured": 234.0,
      "target": 783.020578380783,
      "rel_error": 0.7011572793094516,
      "pass": false
    },
    "LCC": {
      "lcc_frac": 1.0,
      "pass": true
    }
  },
  "tamimi_warnings": [],
  "skeleton_stats": {
    "skel_voxels": 616,
    "junctions": 260,
    "endpoints": 116,
    "ej_ratio": 0.4461538461538462
  },
  "thick_info": {
    "base_r": 3.58974358974359,
    "min_r": 1.0769230769230769,
    "scale": 0.8618955612182617,
    "bvtv_tgt": 0.2348381259267716,
    "bvtv_got": 0.23487548828125
  },
  "params": {
    "ridge": {
      "base_sigma": 7.6430170262535695,
      "warp_sigma": 14.0,
      "warp_amp": 3.0,
      "hessian_sigma": 1.4,
      "ridge_strength": 1.0,
      "proto_q_hi": 0.92,
      "proto_q_lo": 0.84,
      "proto_close_iters": 2,
      "proto_open_iters": 0,
      "proto_min_component": 400,
      "use_skeleton": true,
      "skeleton_prune_lmin": 8,
      "reconnect_close_iters": 3,
      "radius_mode": "branch",
      "radius_jitter": 0.15,
      "radius_smooth_sigma": 3.0,
      "radius_scale_hint": 1.0,
      "prune_small_components": 0,
      "aniso_ratio": 3.0
    },
    "gray": {
      "write_gray": true,
      "marrow_mean": 15.0,
      "bone_mean": 240.0,
      "solid_fill_sigma": 3.0,
      "pve_sigma": 0.5,
      "noise_sd": 4.0,
      "bg_tex_sd": 2.0,
      "unsharp": 0.6,
      "unsharp_sigma": 0.8
    }
  },
  "shape_zyx": [
    20,
    64,
    64
  ],
  "voxel_um": 39.0
}