{
  "version": "v15",
  "label": "sample_003",
  "seed": 104,
  "morphometrics": {
    "BVTV": 0.29866790771484375,
    "TbTh_um_p50": 110.30865786510142,
    "TbTh_um_p90": 246.6576574931336,
    "TbSp_um_p50": 220.61731573020285,
    "TbSp_um_p90": 454.81424779793343,
    "TbN_per_mm": 2.0366750436284624,
    "Euler": -124.0,
    "ConnProxy": 125.0,
    "n_components": 1,
    "lcc_frac": 1.0
  },
  "targets": {
    "bvtv_target": 0.3,
    "tbth_um_target": 240.0,
    "tbn_target": 1.25,
    "tbsp_um_target": 595.0480358521751
  },
  "validation": {
    "BV/TV": {
      "measured": 0.29866790771484375,
      "target": 0.3,
      "rel_error": 0.004440307617187464,
      "pass": true
    },
    "Tb.Th": {
      "measured": 110.30865786510142,
      "target": 240.0,
      "rel_error": 0.540380592228744,
      "pass": false
    },
    "Tb.N": {
      "measured": 2.0366750436284624,
      "target": 1.25,
      "rel_error": 0.6293400349027699,
      "pass": false
    },
    "Tb.Sp": {
      "measured": 220.61731573020285,
      "target": 595.0480358521751,
      "rel_error": 0.6292445274367569,
      "pass": false
    },
    "LCC": {
      "lcc_frac": 1.0,
      "pass": true
    }
  },
  "tamimi_warnings": [],
  "skeleton_stats": {
    "skel_voxels": 47854,
    "junctions": 45645,
    "endpoints": 642,
    "ej_ratio": 0.014065067367729214
  },
  "thick_info": {
    "base_r": 3.076923076923077,
    "min_r": 0.9230769230769231,
    "scale": 0.7935347557067871,
    "bvtv_tgt": 0.3,
    "bvtv_got": 0.29999847412109376
  },
  "params": {
    "ridge": {
      "base_sigma": 4.5,
      "warp_sigma": 14.0,
      "warp_amp": 1.5,
      "hessian_sigma": 1.4,
      "ridge_strength": 1.0,
      "proto_q_hi": 0.8,
      "proto_q_lo": 0.68,
      "proto_close_iters": 2,
      "proto_open_iters": 0,
      "proto_min_component": 400,
      "use_skeleton": true,
      "skeleton_prune_lmin": 8,
      "reconnect_close_iters": 3,
      "radius_mode": "branch",
      "radius_jitter": 0.05,
      "radius_smooth_sigma": 3.0,
      "radius_scale_hint": 1.0,
      "prune_small_components": 0,
      "aniso_ratio": 1.0
    },
    "gray": {
      "write_gray": true,
      "marrow_mean": 18.0,
      "bone_mean": 72.0,
      "solid_fill_sigma": 1.3,
      "pve_sigma": 0.5,
      "noise_sd": 4.0,
      "bg_tex_sd": 2.0,
      "unsharp": 0.6,
      "unsharp_sigma": 0.8
    }
  },
  "shape_zyx": [
    40,
    128,
    128
  ],
  "voxel_um": 39.0
}