{
  "version": "v15",
  "label": "sample_152",
  "seed": 1253,
  "morphometrics": {
    "BVTV": 0.2749786376953125,
    "TbTh_um_p50": 110.30865786510142,
    "TbTh_um_p90": 191.06019993708787,
    "TbSp_um_p50": 234.0,
    "TbSp_um_p90": 523.2399067349509,
    "TbN_per_mm": 2.264184261465179,
    "Euler": -48.0,
    "ConnProxy": 49.0,
    "n_components": 1,
    "lcc_frac": 1.0
  },
  "morphometrics_raw": {
    "BVTV": 0.2749786376953125,
    "TbTh_um_p50": 110.30865786510142,
    "TbTh_um_p90": 191.06019993708787,
    "TbSp_um_p50": 234.0,
    "TbSp_um_p90": 523.2399067349509,
    "TbN_per_mm": 2.264184261465179,
    "Euler": -48.0,
    "ConnProxy": 49.0,
    "n_components": 1,
    "lcc_frac": 1.0
  },
  "targets": {
    "bvtv_target": 0.27298941994493253,
    "tbth_um_target": 266.70293625708996,
    "tbn_target": 1.0235711079002996,
    "tbsp_um_target": 642.8064363814733
  },
  "params": {
    "ridge": {
      "base_sigma": 5.571225745525894,
      "warp_sigma": 10.0,
      "warp_amp": 1.5,
      "hessian_sigma": 1.4,
      "ridge_strength": 1.0,
      "proto_q_hi": 0.78,
      "proto_q_lo": 0.65,
      "proto_close_iters": 1,
      "proto_open_iters": 0,
      "proto_min_component": 0,
      "use_skeleton": true,
      "skeleton_prune_lmin": 8,
      "reconnect_close_iters": 3,
      "radius_mode": "branch",
      "radius_jitter": 0.04,
      "radius_smooth_sigma": 3.0,
      "radius_scale_hint": 1.0,
      "prune_small_components": 0,
      "aniso_ratio": 1.0,
      "plate_weight": 0.7,
      "rod_weight": 0.3
    },
    "gray": {
      "write_gray": true,
      "marrow_mean": 20.0,
      "bone_mean": 95.0,
      "solid_fill_sigma": 1.8,
      "pve_sigma": 0.5,
      "noise_sd": 3.0,
      "bg_tex_sd": 1.0,
      "unsharp": 0.6,
      "unsharp_sigma": 0.8
    },
    "bs_tbsp_adjusted": 5.571225745525894,
    "tbsp_target": 642.8064363814733,
    "plate_mode": true
  },
  "shape_zyx": [
    40,
    128,
    128
  ],
  "voxel_um": 39.0
}