{
  "pipeline_version": "2.3",
  "fixes_applied": [
    "fix1_joint_sampling",
    "fix2_honest_lcc",
    "fix3_antifloor",
    "fix4_tbsp_sigma",
    "fix13_texture_features",
    "fix14_plate_mode"
  ],
  "generator_version": "v15",
  "timestamp": "2026-04-21T21:11:47.568298",
  "validation_gate": {
    "validates_on": "raw_morphology_before_keep_largest_component",
    "bvtv_rel_err_max": 0.08,
    "lcc_min": 0.95,
    "tbth_floor_um": 0.0,
    "tbsp_sigma_scale": 0.004
  },
  "joint_sampler": {
    "used": true,
    "n_sources": 18
  },
  "generation": {
    "num_samples_requested": 500,
    "num_samples_saved": 500,
    "shape": [
      40,
      128,
      128
    ],
    "voxel_um": 39.0,
    "plate_mode": true
  },
  "dimensionality_reduction": {
    "features_dir": "output\\independent_test_v2\\dataset_01\\features",
    "feature_type": "texture",
    "scaler": "robust",
    "results": {
      "PCA": {
        "n_components": 16,
        "variance_explained": 0.9952975511550903,
        "dist_preservation": null,
        "downstream_metrics": {
          "per_label": {
            "BVTV": {
              "r2": 0.7517791986465454,
              "mae": 0.014881589449942112
            },
            "TbTh_um_p50": {
              "r2": 0.8942834734916687,
              "mae": 8.112970352172852
            },
            "TbN_per_mm": {
              "r2": 0.9224154949188232,
              "mae": 0.1029316633939743
            },
            "TbSp_um_p50": {
              "r2": 0.9216185808181763,
              "mae": 15.396145820617676
            }
          },
          "mean_r2": 0.8725241869688034,
          "mean_mae": 5.906732356408611
        }
      },
      "RP_gaussian": {
        "n_components": 16,
        "variance_explained": null,
        "dist_preservation": 0.8663132190704346,
        "downstream_metrics": {
          "per_label": {
            "BVTV": {
              "r2": 0.7760169506072998,
              "mae": 0.013945145532488823
            },
            "TbTh_um_p50": {
              "r2": 0.9023829102516174,
              "mae": 7.689544677734375
            },
            "TbN_per_mm": {
              "r2": 0.9141702055931091,
              "mae": 0.10765556991100311
            },
            "TbSp_um_p50": {
              "r2": 0.9241775274276733,
              "mae": 15.280294418334961
            }
          },
          "mean_r2": 0.8791868984699249,
          "mean_mae": 5.772859952878207
        }
      },
      "RP_sparse": {
        "n_components": 16,
        "variance_explained": null,
        "dist_preservation": 0.9834586977958679,
        "downstream_metrics": {
          "per_label": {
            "BVTV": {
              "r2": 0.7369705438613892,
              "mae": 0.01527046225965023
            },
            "TbTh_um_p50": {
              "r2": 0.9020994901657104,
              "mae": 7.6623430252075195
            },
            "TbN_per_mm": {
              "r2": 0.915861964225769,
              "mae": 0.10949481278657913
            },
            "TbSp_um_p50": {
              "r2": 0.9270070791244507,
              "mae": 14.970242500305176
            }
          },
          "mean_r2": 0.8704847693443298,
          "mean_mae": 5.689337700139731
        }
      },
      "UMAP": {
        "n_components": 16,
        "variance_explained": null,
        "dist_preservation": null,
        "downstream_metrics": {
          "per_label": {
            "BVTV": {
              "r2": 0.7323887944221497,
              "mae": 0.012700209394097328
            },
            "TbTh_um_p50": {
              "r2": 0.9044012427330017,
              "mae": 6.937158584594727
            },
            "TbN_per_mm": {
              "r2": 0.8430952429771423,
              "mae": 0.1261468529701233
            },
            "TbSp_um_p50": {
              "r2": 0.9230384826660156,
              "mae": 13.657160758972168
            }
          },
          "mean_r2": 0.8507309406995773,
          "mean_mae": 5.183291601482779
        }
      },
      "PLS": {
        "n_components": 4,
        "variance_explained": null,
        "dist_preservation": null,
        "downstream_metrics": {
          "per_label": {
            "BVTV": {
              "r2": 0.7430113107629512,
              "mae": 0.015507826833223937
            },
            "TbTh_um_p50": {
              "r2": 0.8988214387663633,
              "mae": 8.082138866798786
            },
            "TbN_per_mm": {
              "r2": 0.903155479604768,
              "mae": 0.11450041048323474
            },
            "TbSp_um_p50": {
              "r2": 0.919111757428279,
              "mae": 15.72410570265547
            }
          },
          "mean_r2": 0.8660249966405904,
          "mean_mae": 5.9840632016926785
        }
      }
    },
    "quantum_files": {
      "PCA": "output\\independent_test_v2\\dataset_01\\features\\pca_quantum_ready.npz",
      "RP_gaussian": "output\\independent_test_v2\\dataset_01\\features\\rp_gaussian_quantum_ready.npz",
      "RP_sparse": "output\\independent_test_v2\\dataset_01\\features\\rp_sparse_quantum_ready.npz",
      "UMAP": "output\\independent_test_v2\\dataset_01\\features\\umap_quantum_ready.npz",
      "PLS": "output\\independent_test_v2\\dataset_01\\features\\pls_quantum_ready.npz"
    },
    "n_train": 400,
    "n_test": 100
  }
}