{
  "version": "v15.3_zerocross",
  "label": "sample_000",
  "seed": 105,
  "morphometrics": {
    "BVTV": 0.48143768310546875,
    "TbTh_um_p50": 110.30865786510142,
    "TbTh_um_p90": 220.61731573020285,
    "TbSp_um_p50": 110.30865786510142,
    "TbSp_um_p90": 258.6967336477212,
    "TbN_per_mm": 3.7868286939403673,
    "Euler": -119.0,
    "ConnProxy": 120.0,
    "n_components": 1,
    "lcc_frac": 1.0
  },
  "targets": {
    "bvtv_target": 0.48,
    "tbth_um_target": 180.0,
    "tbn_target": 2.6666666666666665,
    "tbsp_um_target": 580.5442360408821
  },
  "validation": {
    "BV/TV": {
      "measured": 0.48143768310546875,
      "target": 0.48,
      "rel_error": 0.0029951731363932663,
      "pass": true
    },
    "Tb.Th": {
      "measured": 110.30865786510142,
      "target": 180.0,
      "rel_error": 0.38717412297165876,
      "pass": false
    },
    "Tb.N": {
      "measured": 3.7868286939403673,
      "target": 2.6666666666666665,
      "rel_error": 0.4200607602276378,
      "pass": false
    },
    "Tb.Sp": {
      "measured": 110.30865786510142,
      "target": 580.5442360408821,
      "rel_error": 0.8099909515640538,
      "pass": false
    },
    "LCC": {
      "lcc_frac": 1.0,
      "pass": true
    }
  },
  "tamimi_warnings": [
    "TbSp_um_p50=110.31 outside [150.0,1200.0]"
  ],
  "skeleton_stats": {},
  "thick_info": {
    "mode": "plate_direct",
    "plate_weight": 0.7,
    "rod_weight": 0.3,
    "calibration": {
      "bvtv_target": 0.48,
      "bvtv_got": 0.48143768310546875,
      "wall_thickness": 0.6417836686223746,
      "best_err": 0.0014376831054687678
    },
    "used_skeleton": false
  },
  "params": {
    "ridge": {
      "base_sigma": 3.0,
      "warp_sigma": 10.0,
      "warp_amp": 1.5,
      "hessian_sigma": 1.4,
      "ridge_strength": 1.0,
      "proto_q_hi": 0.78,
      "proto_q_lo": 0.65,
      "proto_close_iters": 1,
      "proto_open_iters": 0,
      "proto_min_component": 400,
      "use_skeleton": true,
      "skeleton_prune_lmin": 8,
      "reconnect_close_iters": 3,
      "radius_mode": "branch",
      "radius_jitter": 0.04,
      "radius_smooth_sigma": 3.0,
      "radius_scale_hint": 1.0,
      "prune_small_components": 0,
      "aniso_ratio": 1.0,
      "plate_weight": 0.7,
      "rod_weight": 0.3
    },
    "gray": {
      "write_gray": true,
      "marrow_mean": 20.0,
      "bone_mean": 95.0,
      "solid_fill_sigma": 1.8,
      "pve_sigma": 0.5,
      "noise_sd": 3.0,
      "bg_tex_sd": 1.0,
      "unsharp": 0.6,
      "unsharp_sigma": 0.8
    }
  },
  "shape_zyx": [
    40,
    128,
    128
  ],
  "voxel_um": 39.0
}