{
  "version": "v15",
  "label": "sample_004",
  "seed": 105,
  "morphometrics": {
    "BVTV": 0.29994049072265627,
    "TbTh_um_p50": 174.4133022449836,
    "TbTh_um_p90": 312.0,
    "TbSp_um_p50": 441.2346314604057,
    "TbSp_um_p90": 1127.632918994475,
    "TbN_per_mm": 1.6068848918705443,
    "Euler": 10.0,
    "ConnProxy": -9.0,
    "n_components": 1,
    "lcc_frac": 1.0
  },
  "targets": {
    "bvtv_target": 0.3,
    "tbth_um_target": 240.0,
    "tbn_target": 1.25,
    "tbsp_um_target": 200.0
  },
  "validation": {
    "BV/TV": {
      "measured": 0.29994049072265627,
      "target": 0.3,
      "rel_error": 0.00019836425781238898,
      "pass": true
    },
    "Tb.Th": {
      "measured": 174.4133022449836,
      "target": 240.0,
      "rel_error": 0.2732779073125683,
      "pass": false
    },
    "Tb.N": {
      "measured": 1.6068848918705443,
      "target": 1.25,
      "rel_error": 0.28550791349643545,
      "pass": false
    },
    "Tb.Sp": {
      "measured": 441.2346314604057,
      "target": 200.0,
      "rel_error": 1.2061731573020285,
      "pass": false
    },
    "LCC": {
      "lcc_frac": 1.0,
      "pass": true
    }
  },
  "tamimi_warnings": [],
  "skeleton_stats": {
    "skel_voxels": 39614,
    "junctions": 39584,
    "endpoints": 18,
    "ej_ratio": 0.00045472918350848826
  },
  "thick_info": {
    "base_r": 3.076923076923077,
    "min_r": 0.9230769230769231,
    "scale": 1.0478480458259583,
    "bvtv_tgt": 0.3,
    "bvtv_got": 0.29994049072265627
  },
  "params": {
    "ridge": {
      "base_sigma": 4.5,
      "warp_sigma": 12.0,
      "warp_amp": 1.2,
      "hessian_sigma": 1.4,
      "ridge_strength": 1.0,
      "proto_q_hi": 0.78,
      "proto_q_lo": 0.65,
      "proto_close_iters": 3,
      "proto_open_iters": 0,
      "proto_min_component": 400,
      "use_skeleton": true,
      "skeleton_prune_lmin": 8,
      "reconnect_close_iters": 3,
      "radius_mode": "branch",
      "radius_jitter": 0.04,
      "radius_smooth_sigma": 3.0,
      "radius_scale_hint": 1.0,
      "prune_small_components": 0,
      "aniso_ratio": 1.0
    },
    "gray": {
      "write_gray": true,
      "marrow_mean": 15.0,
      "bone_mean": 90.0,
      "solid_fill_sigma": 0.8,
      "pve_sigma": 0.5,
      "noise_sd": 5.0,
      "bg_tex_sd": 2.0,
      "unsharp": 0.6,
      "unsharp_sigma": 0.8
    }
  },
  "shape_zyx": [
    40,
    128,
    128
  ],
  "voxel_um": 39.0
}