{
  "version": "v16",
  "label": "sample_097",
  "seed": 111,
  "morphometrics": {
    "BVTV": 0.232659912109375,
    "TbTh_um_p50": 78.0,
    "TbTh_um_p90": 174.4133022449836,
    "TbSp_um_p50": 174.4133022449836,
    "TbSp_um_p90": 365.85242926622755,
    "TbN_per_mm": 2.173483205292752,
    "Euler": -389.0,
    "ConnProxy": 390.0,
    "n_components": 1,
    "lcc_frac": 1.0
  },
  "morphometrics_raw": {
    "BVTV": 0.23361358642578126,
    "TbTh_um_p50": 78.0,
    "TbTh_um_p90": 174.4133022449836,
    "TbSp_um_p50": 174.4133022449836,
    "TbSp_um_p90": 357.4409042065555,
    "TbN_per_mm": 2.1827532955769042,
    "Euler": -388.0,
    "ConnProxy": 389.0,
    "n_components": 2,
    "lcc_frac": 0.9959177275132103
  },
  "targets": {
    "bvtv_target": 0.24138395045584057,
    "tbth_um_target": 146.4828346995147,
    "tbn_target": 1.6478650959411034,
    "tbsp_um_target": 233.89104469145298
  },
  "params": {
    "ridge": {
      "base_sigma": 5.935564178765812,
      "warp_sigma": 14.0,
      "warp_amp": 3.0,
      "hessian_sigma": 1.4,
      "ridge_strength": 1.0,
      "proto_q_hi": 0.92,
      "proto_q_lo": 0.84,
      "proto_close_iters": 2,
      "proto_open_iters": 0,
      "proto_min_component": 400,
      "use_skeleton": true,
      "skeleton_prune_lmin": 8,
      "reconnect_close_iters": 3,
      "radius_mode": "branch",
      "radius_jitter": 0.15,
      "radius_smooth_sigma": 3.0,
      "radius_scale_hint": 1.0,
      "prune_small_components": 0,
      "aniso_ratio": 3.0,
      "rod_weight": 1.0,
      "plate_weight": 0.0,
      "coarse_weight": 0.5,
      "medium_weight": 0.35,
      "fine_weight": 0.15,
      "sheet_q": 0.92,
      "bridge_dilate_iters": 0,
      "bridge_close_iters": 0
    },
    "gray": {
      "write_gray": true,
      "marrow_mean": 15.0,
      "bone_mean": 240.0,
      "solid_fill_sigma": 3.0,
      "pve_sigma": 0.5,
      "noise_sd": 3.0,
      "bg_tex_sd": 1.0,
      "unsharp": 0.6,
      "unsharp_sigma": 0.8
    },
    "bs_tbsp_adjusted": 5.935564178765812,
    "tbsp_target": 233.89104469145298
  },
  "shape_zyx": [
    40,
    128,
    128
  ],
  "voxel_um": 39.0
}