{
  "version": "v15",
  "label": "sample_001",
  "seed": 102,
  "morphometrics": {
    "BVTV": 0.4060630798339844,
    "TbTh_um_p50": 174.4133022449836,
    "TbTh_um_p90": 357.4409042065555,
    "TbSp_um_p50": 234.0,
    "TbSp_um_p90": 517.3934672954424,
    "TbN_per_mm": 1.9843700662039883,
    "Euler": -319.0,
    "ConnProxy": 320.0,
    "n_components": 1,
    "lcc_frac": 1.0
  },
  "targets": {
    "bvtv_target": 0.40717727719326974,
    "tbth_um_target": 252.24011339853365,
    "tbn_target": 1.6142447436579561,
    "tbsp_um_target": 900.0
  },
  "validation": {
    "BV/TV": {
      "measured": 0.4060630798339844,
      "target": 0.40717727719326974,
      "rel_error": 0.00273639375695442,
      "pass": true
    },
    "Tb.Th": {
      "measured": 174.4133022449836,
      "target": 252.24011339853365,
      "rel_error": 0.30854256329398905,
      "pass": false
    },
    "Tb.N": {
      "measured": 1.9843700662039883,
      "target": 1.6142447436579561,
      "rel_error": 0.22928699257047627,
      "pass": false
    },
    "Tb.Sp": {
      "measured": 234.0,
      "target": 900.0,
      "rel_error": 0.74,
      "pass": false
    },
    "LCC": {
      "lcc_frac": 1.0,
      "pass": true
    }
  },
  "tamimi_warnings": [],
  "skeleton_stats": {
    "skel_voxels": 649683,
    "junctions": 642306,
    "endpoints": 2083,
    "ej_ratio": 0.003243002556413921
  },
  "thick_info": {
    "base_r": 3.2338476076735083,
    "min_r": 0.9701542823020525,
    "scale": 0.9081955105066299,
    "bvtv_tgt": 0.40717727719326974,
    "bvtv_got": 0.40717639923095705
  },
  "params": {
    "ridge": {
      "base_sigma": 3.971056083930905,
      "warp_sigma": 14.0,
      "warp_amp": 3.0,
      "hessian_sigma": 1.4,
      "ridge_strength": 1.0,
      "proto_q_hi": 0.92,
      "proto_q_lo": 0.84,
      "proto_close_iters": 3,
      "proto_open_iters": 0,
      "proto_min_component": 400,
      "use_skeleton": true,
      "skeleton_prune_lmin": 8,
      "reconnect_close_iters": 4,
      "radius_mode": "branch",
      "radius_jitter": 0.15,
      "radius_smooth_sigma": 3.0,
      "radius_scale_hint": 1.0,
      "prune_small_components": 0,
      "aniso_ratio": 3.0
    },
    "gray": {
      "write_gray": true,
      "marrow_mean": 15.0,
      "bone_mean": 200.0,
      "solid_fill_sigma": 3.0,
      "pve_sigma": 0.5,
      "noise_sd": 4.0,
      "bg_tex_sd": 2.0,
      "unsharp": 0.6,
      "unsharp_sigma": 0.8
    }
  },
  "shape_zyx": [
    80,
    256,
    256
  ],
  "voxel_um": 39.0
}