{
  "pipeline_version": "2.3",
  "fixes_applied": [
    "fix1_joint_sampling",
    "fix2_honest_lcc",
    "fix3_antifloor",
    "fix4_tbsp_sigma",
    "fix13_texture_features",
    "fix14_plate_mode"
  ],
  "generator_version": "v15",
  "timestamp": "2026-04-21T19:17:16.225646",
  "validation_gate": {
    "validates_on": "raw_morphology_before_keep_largest_component",
    "bvtv_rel_err_max": 0.08,
    "lcc_min": 0.95,
    "tbth_floor_um": 0.0,
    "tbsp_sigma_scale": 0.004
  },
  "joint_sampler": {
    "used": true,
    "n_sources": 18
  },
  "generation": {
    "num_samples_requested": 500,
    "num_samples_saved": 500,
    "shape": [
      40,
      128,
      128
    ],
    "voxel_um": 39.0,
    "plate_mode": true
  },
  "dimensionality_reduction": {
    "features_dir": "output\\independent_test_v2\\dataset_00\\features",
    "feature_type": "texture",
    "scaler": "robust",
    "results": {
      "PCA": {
        "n_components": 16,
        "variance_explained": 0.9952563643455505,
        "dist_preservation": null,
        "downstream_metrics": {
          "per_label": {
            "BVTV": {
              "r2": 0.8401738405227661,
              "mae": 0.011676493100821972
            },
            "TbTh_um_p50": {
              "r2": 0.9179050326347351,
              "mae": 7.259776592254639
            },
            "TbN_per_mm": {
              "r2": 0.9459144473075867,
              "mae": 0.08133074641227722
            },
            "TbSp_um_p50": {
              "r2": 0.934918224811554,
              "mae": 13.968968391418457
            }
          },
          "mean_r2": 0.9097278863191605,
          "mean_mae": 5.330438055796549
        }
      },
      "RP_gaussian": {
        "n_components": 16,
        "variance_explained": null,
        "dist_preservation": 0.9817842245101929,
        "downstream_metrics": {
          "per_label": {
            "BVTV": {
              "r2": 0.8084446787834167,
              "mae": 0.013026658445596695
            },
            "TbTh_um_p50": {
              "r2": 0.9150943160057068,
              "mae": 7.298047065734863
            },
            "TbN_per_mm": {
              "r2": 0.9205940365791321,
              "mae": 0.09621258080005646
            },
            "TbSp_um_p50": {
              "r2": 0.9342729449272156,
              "mae": 13.6359224319458
            }
          },
          "mean_r2": 0.8946014940738678,
          "mean_mae": 5.260802184231579
        }
      },
      "RP_sparse": {
        "n_components": 16,
        "variance_explained": null,
        "dist_preservation": 1.0992028713226318,
        "downstream_metrics": {
          "per_label": {
            "BVTV": {
              "r2": 0.8355615139007568,
              "mae": 0.012001455761492252
            },
            "TbTh_um_p50": {
              "r2": 0.9111770987510681,
              "mae": 7.291772842407227
            },
            "TbN_per_mm": {
              "r2": 0.9363518953323364,
              "mae": 0.08508136868476868
            },
            "TbSp_um_p50": {
              "r2": 0.92191481590271,
              "mae": 14.808335304260254
            }
          },
          "mean_r2": 0.9012513309717178,
          "mean_mae": 5.549297742778435
        }
      },
      "UMAP": {
        "n_components": 16,
        "variance_explained": null,
        "dist_preservation": null,
        "downstream_metrics": {
          "per_label": {
            "BVTV": {
              "r2": 0.8181309700012207,
              "mae": 0.010030698962509632
            },
            "TbTh_um_p50": {
              "r2": 0.923324465751648,
              "mae": 7.172121524810791
            },
            "TbN_per_mm": {
              "r2": 0.906805694103241,
              "mae": 0.09266714751720428
            },
            "TbSp_um_p50": {
              "r2": 0.9474786520004272,
              "mae": 12.276311874389648
            }
          },
          "mean_r2": 0.8989349454641342,
          "mean_mae": 4.887782811420038
        }
      },
      "PLS": {
        "n_components": 4,
        "variance_explained": null,
        "dist_preservation": null,
        "downstream_metrics": {
          "per_label": {
            "BVTV": {
              "r2": 0.8246445623232068,
              "mae": 0.012463500447629696
            },
            "TbTh_um_p50": {
              "r2": 0.9168355733123982,
              "mae": 7.221170074314684
            },
            "TbN_per_mm": {
              "r2": 0.9315354078247315,
              "mae": 0.09001747921657519
            },
            "TbSp_um_p50": {
              "r2": 0.9322130399481269,
              "mae": 13.977736991535041
            }
          },
          "mean_r2": 0.9013071458521159,
          "mean_mae": 5.325347011378483
        }
      }
    },
    "quantum_files": {
      "PCA": "output\\independent_test_v2\\dataset_00\\features\\pca_quantum_ready.npz",
      "RP_gaussian": "output\\independent_test_v2\\dataset_00\\features\\rp_gaussian_quantum_ready.npz",
      "RP_sparse": "output\\independent_test_v2\\dataset_00\\features\\rp_sparse_quantum_ready.npz",
      "UMAP": "output\\independent_test_v2\\dataset_00\\features\\umap_quantum_ready.npz",
      "PLS": "output\\independent_test_v2\\dataset_00\\features\\pls_quantum_ready.npz"
    },
    "n_train": 400,
    "n_test": 100
  }
}