{
  "version": "v16",
  "label": "sample_149",
  "seed": 157,
  "morphometrics": {
    "BVTV": 0.1423736572265625,
    "TbTh_um_p50": 78.0,
    "TbTh_um_p90": 135.09996299037243,
    "TbSp_um_p50": 220.61731573020285,
    "TbSp_um_p90": 420.0428549564913,
    "TbN_per_mm": 1.5090082011944326,
    "Euler": -197.0,
    "ConnProxy": 198.0,
    "n_components": 1,
    "lcc_frac": 1.0
  },
  "morphometrics_raw": {
    "BVTV": 0.1423736572265625,
    "TbTh_um_p50": 78.0,
    "TbTh_um_p90": 135.09996299037243,
    "TbSp_um_p50": 220.61731573020285,
    "TbSp_um_p90": 420.0428549564913,
    "TbN_per_mm": 1.5090082011944326,
    "Euler": -197.0,
    "ConnProxy": 198.0,
    "n_components": 1,
    "lcc_frac": 1.0
  },
  "targets": {
    "bvtv_target": 0.15936465138408173,
    "tbth_um_target": 239.61032224891676,
    "tbn_target": 0.6650992740560124,
    "tbsp_um_target": 384.8798958090825
  },
  "params": {
    "ridge": {
      "base_sigma": 6.53951958323633,
      "warp_sigma": 14.0,
      "warp_amp": 3.0,
      "hessian_sigma": 1.4,
      "ridge_strength": 1.0,
      "proto_q_hi": 0.92,
      "proto_q_lo": 0.84,
      "proto_close_iters": 2,
      "proto_open_iters": 0,
      "proto_min_component": 400,
      "use_skeleton": true,
      "skeleton_prune_lmin": 8,
      "reconnect_close_iters": 3,
      "radius_mode": "branch",
      "radius_jitter": 0.15,
      "radius_smooth_sigma": 3.0,
      "radius_scale_hint": 1.0,
      "prune_small_components": 0,
      "aniso_ratio": 3.0,
      "rod_weight": 1.0,
      "plate_weight": 0.0,
      "coarse_weight": 0.5,
      "medium_weight": 0.35,
      "fine_weight": 0.15,
      "sheet_q": 0.92,
      "bridge_dilate_iters": 0,
      "bridge_close_iters": 0
    },
    "gray": {
      "write_gray": true,
      "marrow_mean": 15.0,
      "bone_mean": 240.0,
      "solid_fill_sigma": 3.0,
      "pve_sigma": 0.5,
      "noise_sd": 3.0,
      "bg_tex_sd": 1.0,
      "unsharp": 0.6,
      "unsharp_sigma": 0.8
    },
    "bs_tbsp_adjusted": 6.53951958323633,
    "tbsp_target": 384.8798958090825
  },
  "shape_zyx": [
    40,
    128,
    128
  ],
  "voxel_um": 39.0
}