{
  "pipeline_version": "2.3",
  "fixes_applied": [
    "fix1_joint_sampling",
    "fix2_honest_lcc",
    "fix3_antifloor",
    "fix4_tbsp_sigma",
    "fix13_texture_features",
    "fix14_plate_mode"
  ],
  "generator_version": "v15",
  "timestamp": "2026-04-22T16:14:38.661763",
  "validation_gate": {
    "validates_on": "raw_morphology_before_keep_largest_component",
    "bvtv_rel_err_max": 0.08,
    "lcc_min": 0.95,
    "tbth_floor_um": 0.0,
    "tbsp_sigma_scale": 0.004
  },
  "joint_sampler": {
    "used": true,
    "n_sources": 18
  },
  "generation": {
    "num_samples_requested": 500,
    "num_samples_saved": 500,
    "shape": [
      40,
      128,
      128
    ],
    "voxel_um": 39.0,
    "plate_mode": true
  },
  "dimensionality_reduction": {
    "features_dir": "output\\independent_test_v2\\dataset_07\\features",
    "feature_type": "texture",
    "scaler": "robust",
    "results": {
      "PCA": {
        "n_components": 16,
        "variance_explained": 0.9952085614204407,
        "dist_preservation": null,
        "downstream_metrics": {
          "per_label": {
            "BVTV": {
              "r2": 0.7532223463058472,
              "mae": 0.013092182576656342
            },
            "TbTh_um_p50": {
              "r2": 0.9248594641685486,
              "mae": 6.759256362915039
            },
            "TbN_per_mm": {
              "r2": 0.9206943511962891,
              "mae": 0.08994229137897491
            },
            "TbSp_um_p50": {
              "r2": 0.9315313100814819,
              "mae": 14.429662704467773
            }
          },
          "mean_r2": 0.8825768679380417,
          "mean_mae": 5.322988385334611
        }
      },
      "RP_gaussian": {
        "n_components": 16,
        "variance_explained": null,
        "dist_preservation": 0.9689295887947083,
        "downstream_metrics": {
          "per_label": {
            "BVTV": {
              "r2": 0.7600650191307068,
              "mae": 0.01364327222108841
            },
            "TbTh_um_p50": {
              "r2": 0.9163523316383362,
              "mae": 7.22721004486084
            },
            "TbN_per_mm": {
              "r2": 0.9041928648948669,
              "mae": 0.10186675190925598
            },
            "TbSp_um_p50": {
              "r2": 0.927392303943634,
              "mae": 14.535737037658691
            }
          },
          "mean_r2": 0.877000629901886,
          "mean_mae": 5.469614276662469
        }
      },
      "RP_sparse": {
        "n_components": 16,
        "variance_explained": null,
        "dist_preservation": 1.0039559602737427,
        "downstream_metrics": {
          "per_label": {
            "BVTV": {
              "r2": 0.747478723526001,
              "mae": 0.013199515640735626
            },
            "TbTh_um_p50": {
              "r2": 0.9193644523620605,
              "mae": 6.991092681884766
            },
            "TbN_per_mm": {
              "r2": 0.9112334251403809,
              "mae": 0.09940212965011597
            },
            "TbSp_um_p50": {
              "r2": 0.9265298843383789,
              "mae": 14.929950714111328
            }
          },
          "mean_r2": 0.8761516213417053,
          "mean_mae": 5.508411260321736
        }
      },
      "UMAP": {
        "n_components": 16,
        "variance_explained": null,
        "dist_preservation": null,
        "downstream_metrics": {
          "per_label": {
            "BVTV": {
              "r2": 0.757652997970581,
              "mae": 0.011511947959661484
            },
            "TbTh_um_p50": {
              "r2": 0.9068306684494019,
              "mae": 7.549802303314209
            },
            "TbN_per_mm": {
              "r2": 0.8650268316268921,
              "mae": 0.10922364145517349
            },
            "TbSp_um_p50": {
              "r2": 0.8853034973144531,
              "mae": 17.005292892456055
            }
          },
          "mean_r2": 0.853703498840332,
          "mean_mae": 6.168957696296275
        }
      },
      "PLS": {
        "n_components": 4,
        "variance_explained": null,
        "dist_preservation": null,
        "downstream_metrics": {
          "per_label": {
            "BVTV": {
              "r2": 0.7582631266398734,
              "mae": 0.01327173199343604
            },
            "TbTh_um_p50": {
              "r2": 0.9220689746298845,
              "mae": 6.918618167665223
            },
            "TbN_per_mm": {
              "r2": 0.9164801469177848,
              "mae": 0.0938218424807375
            },
            "TbSp_um_p50": {
              "r2": 0.9262551290440744,
              "mae": 15.019802301462336
            }
          },
          "mean_r2": 0.8807668443079042,
          "mean_mae": 5.511378510900434
        }
      }
    },
    "quantum_files": {
      "PCA": "output\\independent_test_v2\\dataset_07\\features\\pca_quantum_ready.npz",
      "RP_gaussian": "output\\independent_test_v2\\dataset_07\\features\\rp_gaussian_quantum_ready.npz",
      "RP_sparse": "output\\independent_test_v2\\dataset_07\\features\\rp_sparse_quantum_ready.npz",
      "UMAP": "output\\independent_test_v2\\dataset_07\\features\\umap_quantum_ready.npz",
      "PLS": "output\\independent_test_v2\\dataset_07\\features\\pls_quantum_ready.npz"
    },
    "n_train": 400,
    "n_test": 100
  }
}