{
  "version": "v15 (v14-core, pooled)",
  "sample_label": "sample_002",
  "seed": 45,
  "morphometrics": {
    "BVTV": 0.36787254810333253,
    "TbTh_um_p50": 110.30865786510142,
    "TbTh_um_p90": 234.0,
    "TbSp_um_p50": 174.4133022449836,
    "TbSp_um_p90": 339.99411759617254,
    "TbN_per_mm": 2.6456219182432092,
    "Euler": -17387.0,
    "ConnProxy": 17388.0,
    "n_components": 1,
    "lcc_frac": 1.0
  },
  "targets": {
    "bvtv_target": 0.3659567335516384,
    "tbth_um_target": 400.0,
    "tbn_target": 0.9148918338790959,
    "tbsp_um_target": 1381.7687417325822
  },
  "validation": {
    "BV/TV": {
      "measured": 0.36787254810333253,
      "target": 0.3659567335516384,
      "rel_error": 0.005235084850334689,
      "tolerance": 0.05,
      "pass": true
    },
    "Tb.Th (p50, um)": {
      "measured": 110.30865786510142,
      "target": 400.0,
      "rel_error": 0.7242283553372465,
      "tolerance": 0.15,
      "pass": false
    },
    "Tb.N (/mm)": {
      "measured": 2.6456219182432092,
      "target": 0.9148918338790959,
      "rel_error": 1.8917319187623567,
      "tolerance": 0.2,
      "pass": false
    },
    "Tb.Sp (p50, um)": {
      "measured": 174.4133022449836,
      "target": 1381.7687417325822,
      "rel_error": 0.8737753308659385,
      "tolerance": 0.15,
      "pass": false
    },
    "Connectivity (LCC)": {
      "lcc_frac": 1.0,
      "n_components": 1,
      "pass": true,
      "note": "LCC >= 0.80 required"
    }
  },
  "tamimi_warnings": [],
  "skeleton_stats": {
    "skel_voxels": 399391,
    "junctions": 163594,
    "endpoints": 79338,
    "endpoint_junction_ratio": 0.4849688863894764
  },
  "thick_info": {
    "base_radius_vox": 5.128205128205129,
    "min_radius_floor": 1.5384615384615385,
    "radius_mode": "branch",
    "scale_fit": 0.6985797584056854,
    "bvtv_target": 0.3659567335516384,
    "bvtv_after_thicken": 0.365956711769104,
    "warn_target_miss": false
  },
  "params": {
    "ridge": {
      "base_sigma": 7.00657298806269,
      "warp_sigma": 14.0,
      "warp_amp": 4.8,
      "hessian_sigma": 1.4,
      "ridge_strength": 1.0,
      "proto_q_hi": 0.92,
      "proto_q_lo": 0.84,
      "proto_close_iters": 2,
      "proto_open_iters": 0,
      "proto_min_component": 400,
      "use_skeleton": true,
      "skeleton_prune_lmin": 8,
      "reconnect_close_iters": 3,
      "radius_mode": "branch",
      "radius_jitter": 0.15,
      "radius_smooth_sigma": 3.0,
      "radius_scale_hint": 1.0,
      "prune_small_components": 0
    },
    "gray": {
      "write_gray": true,
      "marrow_mean": 15.0,
      "bone_mean": 240.0,
      "solid_fill_sigma": 3.0,
      "pve_sigma": 0.5,
      "noise_sd": 3.0,
      "bg_tex_sd": 1.0,
      "unsharp": 0.6,
      "unsharp_sigma": 0.8
    }
  },
  "shape_zyx": [
    160,
    512,
    512
  ],
  "voxel_um": 39.0
}