{
  "version": "v15 (v14-core, pooled)",
  "sample_label": "sample_002",
  "seed": 45,
  "morphometrics": {
    "BVTV": 0.36194610595703125,
    "TbTh_um_p50": 135.09996299037243,
    "TbTh_um_p90": 246.6576574931336,
    "TbSp_um_p50": 191.06019993708787,
    "TbSp_um_p90": 448.0758864299662,
    "TbN_per_mm": 2.4505407606472405,
    "Euler": -169.0,
    "ConnProxy": 170.0,
    "n_components": 1,
    "lcc_frac": 1.0
  },
  "targets": {
    "bvtv_target": 0.3659567335516384,
    "tbth_um_target": 400.0,
    "tbn_target": 0.9148918338790959,
    "tbsp_um_target": 1381.7687417325822
  },
  "validation": {
    "BV/TV": {
      "measured": 0.36194610595703125,
      "target": 0.3659567335516384,
      "rel_error": 0.01095929443812573,
      "tolerance": 0.05,
      "pass": true
    },
    "Tb.Th (p50, um)": {
      "measured": 135.09996299037243,
      "target": 400.0,
      "rel_error": 0.662250092524069,
      "tolerance": 0.15,
      "pass": false
    },
    "Tb.N (/mm)": {
      "measured": 2.4505407606472405,
      "target": 0.9148918338790959,
      "rel_error": 1.678503261152818,
      "tolerance": 0.2,
      "pass": false
    },
    "Tb.Sp (p50, um)": {
      "measured": 191.06019993708787,
      "target": 1381.7687417325822,
      "rel_error": 0.861727802803297,
      "tolerance": 0.15,
      "pass": false
    },
    "Connectivity (LCC)": {
      "lcc_frac": 1.0,
      "n_components": 1,
      "pass": true,
      "note": "LCC >= 0.80 required"
    }
  },
  "tamimi_warnings": [],
  "skeleton_stats": {
    "skel_voxels": 4642,
    "junctions": 1513,
    "endpoints": 1068,
    "endpoint_junction_ratio": 0.7058823529411765
  },
  "thick_info": {
    "base_radius_vox": 5.128205128205129,
    "min_radius_floor": 1.5384615384615385,
    "radius_mode": "branch",
    "scale_fit": 0.770167350769043,
    "bvtv_target": 0.3659567335516384,
    "bvtv_after_thicken": 0.36595916748046875,
    "warn_target_miss": false
  },
  "params": {
    "ridge": {
      "base_sigma": 7.00657298806269,
      "warp_sigma": 14.0,
      "warp_amp": 4.8,
      "hessian_sigma": 1.4,
      "ridge_strength": 1.0,
      "proto_q_hi": 0.92,
      "proto_q_lo": 0.84,
      "proto_close_iters": 2,
      "proto_open_iters": 0,
      "proto_min_component": 400,
      "use_skeleton": true,
      "skeleton_prune_lmin": 8,
      "reconnect_close_iters": 3,
      "radius_mode": "branch",
      "radius_jitter": 0.15,
      "radius_smooth_sigma": 3.0,
      "radius_scale_hint": 1.0,
      "prune_small_components": 0
    },
    "gray": {
      "write_gray": true,
      "marrow_mean": 15.0,
      "bone_mean": 240.0,
      "solid_fill_sigma": 3.0,
      "pve_sigma": 0.5,
      "noise_sd": 3.0,
      "bg_tex_sd": 1.0,
      "unsharp": 0.6,
      "unsharp_sigma": 0.8
    }
  },
  "shape_zyx": [
    40,
    128,
    128
  ],
  "voxel_um": 39.0
}