{
  "version": "v15",
  "label": "sample_255",
  "seed": 2156,
  "morphometrics": {
    "BVTV": 0.39134063720703127,
    "TbTh_um_p50": 135.09996299037243,
    "TbTh_um_p90": 258.6967336477212,
    "TbSp_um_p50": 191.06019993708787,
    "TbSp_um_p90": 441.2346314604057,
    "TbN_per_mm": 2.6328063325584212,
    "Euler": -43.0,
    "ConnProxy": 44.0,
    "n_components": 1,
    "lcc_frac": 1.0
  },
  "morphometrics_raw": {
    "BVTV": 0.39134063720703127,
    "TbTh_um_p50": 135.09996299037243,
    "TbTh_um_p90": 258.6967336477212,
    "TbSp_um_p50": 191.06019993708787,
    "TbSp_um_p90": 441.2346314604057,
    "TbN_per_mm": 2.6328063325584212,
    "Euler": -43.0,
    "ConnProxy": 44.0,
    "n_components": 1,
    "lcc_frac": 1.0
  },
  "targets": {
    "bvtv_target": 0.3919323459376802,
    "tbth_um_target": 252.58926085637404,
    "tbn_target": 1.5516587863192595,
    "tbsp_um_target": 485.7419836817594
  },
  "params": {
    "ridge": {
      "base_sigma": 4.942967934727037,
      "warp_sigma": 10.0,
      "warp_amp": 1.5,
      "hessian_sigma": 1.4,
      "ridge_strength": 1.0,
      "proto_q_hi": 0.78,
      "proto_q_lo": 0.65,
      "proto_close_iters": 1,
      "proto_open_iters": 0,
      "proto_min_component": 0,
      "use_skeleton": true,
      "skeleton_prune_lmin": 8,
      "reconnect_close_iters": 3,
      "radius_mode": "branch",
      "radius_jitter": 0.04,
      "radius_smooth_sigma": 3.0,
      "radius_scale_hint": 1.0,
      "prune_small_components": 0,
      "aniso_ratio": 1.0,
      "plate_weight": 0.7,
      "rod_weight": 0.3
    },
    "gray": {
      "write_gray": true,
      "marrow_mean": 20.0,
      "bone_mean": 95.0,
      "solid_fill_sigma": 1.8,
      "pve_sigma": 0.5,
      "noise_sd": 3.0,
      "bg_tex_sd": 1.0,
      "unsharp": 0.6,
      "unsharp_sigma": 0.8
    },
    "bs_tbsp_adjusted": 4.942967934727037,
    "tbsp_target": 485.7419836817594,
    "plate_mode": true
  },
  "shape_zyx": [
    40,
    128,
    128
  ],
  "voxel_um": 39.0
}