{
  "version": "v15",
  "label": "sample_044",
  "seed": 87,
  "morphometrics": {
    "BVTV": 0.3773895263671875,
    "TbTh_um_p50": 110.30865786510142,
    "TbTh_um_p90": 234.0,
    "TbSp_um_p50": 156.0,
    "TbSp_um_p90": 291.8492761683674,
    "TbN_per_mm": 2.842105316071851,
    "Euler": -565.0,
    "ConnProxy": 566.0,
    "n_components": 1,
    "lcc_frac": 1.0
  },
  "morphometrics_raw": {
    "BVTV": 0.3773895263671875,
    "TbTh_um_p50": 110.30865786510142,
    "TbTh_um_p90": 234.0,
    "TbSp_um_p50": 156.0,
    "TbSp_um_p90": 291.8492761683674,
    "TbN_per_mm": 2.842105316071851,
    "Euler": -565.0,
    "ConnProxy": 566.0,
    "n_components": 1,
    "lcc_frac": 1.0
  },
  "targets": {
    "bvtv_target": 0.3792332992459091,
    "tbth_um_target": 153.26086755889426,
    "tbn_target": 2.4744300700254054,
    "tbsp_um_target": 337.0219749099365
  },
  "params": {
    "ridge": {
      "base_sigma": 3.148087899639746,
      "warp_sigma": 8.0,
      "warp_amp": 1.0,
      "hessian_sigma": 1.0,
      "ridge_strength": 1.0,
      "proto_q_hi": 0.82,
      "proto_q_lo": 0.7,
      "proto_close_iters": 1,
      "proto_open_iters": 0,
      "proto_min_component": 400,
      "use_skeleton": true,
      "skeleton_prune_lmin": 8,
      "reconnect_close_iters": 3,
      "radius_mode": "branch",
      "radius_jitter": 0.03,
      "radius_smooth_sigma": 3.0,
      "radius_scale_hint": 1.0,
      "prune_small_components": 0,
      "aniso_ratio": 1.0
    },
    "gray": {
      "write_gray": true,
      "marrow_mean": 20.0,
      "bone_mean": 65.0,
      "solid_fill_sigma": 1.0,
      "pve_sigma": 0.5,
      "noise_sd": 3.0,
      "bg_tex_sd": 1.0,
      "unsharp": 0.6,
      "unsharp_sigma": 0.8
    },
    "bs_tbsp_adjusted": 3.148087899639746,
    "tbsp_target": 337.0219749099365
  },
  "shape_zyx": [
    40,
    128,
    128
  ],
  "voxel_um": 39.0
}