{
  "version": "v15",
  "label": "sample_000",
  "seed": 43,
  "morphometrics": {
    "BVTV": 0.2187225341796875,
    "TbTh_um_p50": 281.23299948619115,
    "TbTh_um_p90": 594.0303022573848,
    "TbSp_um_p50": 710.6138191732554,
    "TbSp_um_p90": 1434.0125522463184,
    "TbN_per_mm": 0.6973324603364093,
    "Euler": 3.0,
    "ConnProxy": -2.0,
    "n_components": 1,
    "lcc_frac": 1.0
  },
  "targets": {
    "bvtv_target": 0.3,
    "tbth_um_target": 216.5957674841755,
    "tbn_target": 1.3850686164581587,
    "tbsp_um_target": 700.0
  },
  "validation": {
    "BV/TV": {
      "measured": 0.2187225341796875,
      "target": 0.3,
      "rel_error": 0.27092488606770826,
      "pass": false
    },
    "Tb.Th": {
      "measured": 281.23299948619115,
      "target": 216.5957674841755,
      "rel_error": 0.2984233383357228,
      "pass": false
    },
    "Tb.N": {
      "measured": 0.6973324603364093,
      "target": 1.3850686164581587,
      "rel_error": 0.4965358018726902,
      "pass": false
    },
    "Tb.Sp": {
      "measured": 710.6138191732554,
      "target": 700.0,
      "rel_error": 0.015162598818936236,
      "pass": true
    },
    "LCC": {
      "lcc_frac": 1.0,
      "pass": true
    }
  },
  "tamimi_warnings": [],
  "skeleton_stats": {
    "skel_voxels": 4996,
    "junctions": 4765,
    "endpoints": 39,
    "ej_ratio": 0.008184679958027283
  },
  "thick_info": {
    "base_r": 2.7768688138996858,
    "min_r": 0.8330606441699057,
    "scale": 2.999998688697815,
    "bvtv_tgt": 0.3,
    "bvtv_got": 0.2187225341796875
  },
  "params": {
    "ridge": {
      "base_sigma": 4.5,
      "warp_sigma": 14.0,
      "warp_amp": 1.0,
      "hessian_sigma": 1.0,
      "ridge_strength": 1.0,
      "proto_q_hi": 0.82,
      "proto_q_lo": 0.72,
      "proto_close_iters": 4,
      "proto_open_iters": 0,
      "proto_min_component": 400,
      "use_skeleton": true,
      "skeleton_prune_lmin": 8,
      "reconnect_close_iters": 3,
      "radius_mode": "branch",
      "radius_jitter": 0.05,
      "radius_smooth_sigma": 3.0,
      "radius_scale_hint": 1.0,
      "prune_small_components": 0,
      "aniso_ratio": 1.2
    },
    "gray": {
      "write_gray": true,
      "marrow_mean": 15.0,
      "bone_mean": 80.0,
      "solid_fill_sigma": 1.0,
      "pve_sigma": 0.5,
      "noise_sd": 4.0,
      "bg_tex_sd": 2.0,
      "unsharp": 0.6,
      "unsharp_sigma": 0.8
    }
  },
  "shape_zyx": [
    40,
    128,
    128
  ],
  "voxel_um": 39.0
}