{
  "version": "v15 (v14-core, pooled)",
  "sample_label": "sample_001",
  "seed": 102,
  "morphometrics": {
    "BVTV": 0.40852041244506837,
    "TbTh_um_p50": 110.30865786510142,
    "TbTh_um_p90": 191.06019993708787,
    "TbSp_um_p50": 135.09996299037243,
    "TbSp_um_p90": 246.6576574931336,
    "TbN_per_mm": 3.358245563867746,
    "Euler": -46647.0,
    "ConnProxy": 46648.0,
    "n_components": 1,
    "lcc_frac": 1.0
  },
  "targets": {
    "bvtv_target": 0.40717727719326974,
    "tbth_um_target": 252.24011339853365,
    "tbn_target": 1.6142447436579561,
    "tbsp_um_target": 1500.0
  },
  "validation": {
    "BV/TV": {
      "measured": 0.40852041244506837,
      "target": 0.40717727719326974,
      "rel_error": 0.003298649819206644,
      "tolerance": 0.05,
      "pass": true
    },
    "Tb.Th (p50, um)": {
      "measured": 110.30865786510142,
      "target": 252.24011339853365,
      "rel_error": 0.5626839189894581,
      "tolerance": 0.15,
      "pass": false
    },
    "Tb.N (/mm)": {
      "measured": 3.358245563867746,
      "target": 1.6142447436579561,
      "rel_error": 1.0803819105260335,
      "tolerance": 0.2,
      "pass": false
    },
    "Tb.Sp (p50, um)": {
      "measured": 135.09996299037243,
      "target": 1500.0,
      "rel_error": 0.9099333580064184,
      "tolerance": 0.15,
      "pass": false
    },
    "Connectivity (LCC)": {
      "lcc_frac": 1.0,
      "n_components": 1,
      "pass": true,
      "note": "LCC >= 0.80 required"
    }
  },
  "tamimi_warnings": [
    "TbSp_um_p50=135.10 outside [150.0,1200.0] um"
  ],
  "skeleton_stats": {
    "skel_voxels": 1518520,
    "junctions": 1256065,
    "endpoints": 77501,
    "endpoint_junction_ratio": 0.061701424687416656
  },
  "thick_info": {
    "base_radius_vox": 3.2338476076735083,
    "min_radius_floor": 0.9701542823020525,
    "radius_mode": "branch",
    "scale_fit": 0.7816696017980576,
    "bvtv_target": 0.40717727719326974,
    "bvtv_after_thicken": 0.40717790126800535,
    "warn_target_miss": false
  },
  "params": {
    "ridge": {
      "base_sigma": 3.971056083930905,
      "warp_sigma": 14.0,
      "warp_amp": 4.8,
      "hessian_sigma": 1.4,
      "ridge_strength": 1.0,
      "proto_q_hi": 0.92,
      "proto_q_lo": 0.84,
      "proto_close_iters": 2,
      "proto_open_iters": 0,
      "proto_min_component": 400,
      "use_skeleton": true,
      "skeleton_prune_lmin": 8,
      "reconnect_close_iters": 3,
      "radius_mode": "branch",
      "radius_jitter": 0.15,
      "radius_smooth_sigma": 3.0,
      "radius_scale_hint": 1.0,
      "prune_small_components": 0
    },
    "gray": {
      "write_gray": true,
      "marrow_mean": 15.0,
      "bone_mean": 240.0,
      "solid_fill_sigma": 3.0,
      "pve_sigma": 0.5,
      "noise_sd": 3.0,
      "bg_tex_sd": 1.0,
      "unsharp": 0.6,
      "unsharp_sigma": 0.8
    }
  },
  "shape_zyx": [
    160,
    512,
    512
  ],
  "voxel_um": 39.0
}