{
  "version": "v16",
  "label": "sample_002",
  "seed": 2097,
  "best_connectivity_score": 2299.796087135953,
  "connectivity": {
    "score": 2299.796087135953,
    "junctions": 51113,
    "endpoints": 2,
    "ej_ratio": 3.9128988711286754e-05
  },
  "morphometrics": {
    "BVTV": 0.29988861083984375,
    "TbTh_um_p50": 110.30865786510142,
    "TbTh_um_p90": 174.4133022449836,
    "TbSp_um_p50": 246.6576574931336,
    "TbSp_um_p90": 670.9813708293249,
    "TbN_per_mm": 2.647990333378503,
    "Euler": 56.0,
    "ConnProxy": -55.0,
    "n_components": 1,
    "lcc_frac": 1.0
  },
  "targets": {
    "bvtv_target": 0.3,
    "tbth_um_target": 180.0,
    "tbn_target": 1.6666666666666667,
    "tbsp_um_target": 900.0
  },
  "validation": {
    "BV/TV": {
      "measured": 0.29988861083984375,
      "target": 0.3,
      "rel_error": 0.00037129720052079634,
      "tolerance": 0.05,
      "pass": true
    },
    "Tb.Th": {
      "measured": 110.30865786510142,
      "target": 180.0,
      "rel_error": 0.38717412297165876,
      "tolerance": 0.15,
      "pass": false
    },
    "Tb.N": {
      "measured": 2.647990333378503,
      "target": 1.6666666666666667,
      "rel_error": 0.5887942000271018,
      "tolerance": 0.2,
      "pass": false
    },
    "Tb.Sp": {
      "measured": 246.6576574931336,
      "target": 900.0,
      "rel_error": 0.7259359361187405,
      "tolerance": 0.15,
      "pass": false
    },
    "Connectivity (LCC)": {
      "lcc_frac": 1.0,
      "n_components": 1,
      "pass": true
    }
  },
  "tamimi_warnings": [],
  "skeleton_stats": {
    "skel_voxels": 51133,
    "junctions": 51113,
    "endpoints": 2,
    "ej_ratio": 3.9128988711286754e-05
  },
  "component_stats": {
    "n_components": 1,
    "lcc_frac": 1.0
  },
  "thick_info": {
    "base_r": 2.3076923076923075,
    "min_r": 0.6923076923076922,
    "scale": 0.7449175715446472,
    "bvtv_tgt": 0.3,
    "bvtv_got": 0.29988861083984375,
    "warn_target_miss": false
  },
  "proto_info": {
    "hysteresis": {
      "thr_lo": 0.10074002295732498,
      "thr_hi": 0.14453288912773132
    },
    "used_skeleton": true,
    "skel_mode": "skimage",
    "prune": {
      "prune_lmin": 6,
      "vox_removed": 0
    },
    "rod_weight": 0.2,
    "plate_weight": 0.8
  },
  "params": {
    "ridge": {
      "base_sigma": 2.8,
      "warp_sigma": 14.0,
      "warp_amp": 2.0,
      "hessian_sigma": 1.4,
      "ridge_strength": 1.0,
      "proto_q_hi": 0.8,
      "proto_q_lo": 0.68,
      "proto_close_iters": 2,
      "proto_open_iters": 0,
      "proto_min_component": 250,
      "use_skeleton": true,
      "skeleton_prune_lmin": 6,
      "reconnect_close_iters": 0,
      "radius_mode": "branch",
      "radius_jitter": 0.05,
      "radius_smooth_sigma": 3.0,
      "radius_scale_hint": 1.0,
      "prune_small_components": 0,
      "aniso_ratio": 1.1,
      "rod_weight": 0.2,
      "plate_weight": 0.8,
      "coarse_weight": 0.5,
      "medium_weight": 0.35,
      "fine_weight": 0.15,
      "sheet_q": 0.88,
      "bridge_dilate_iters": 0,
      "bridge_close_iters": 0
    },
    "gray": {
      "write_gray": true,
      "marrow_mean": 15.0,
      "bone_mean": 65.0,
      "solid_fill_sigma": 1.0,
      "pve_sigma": 0.5,
      "noise_sd": 4.0,
      "bg_tex_sd": 2.0,
      "unsharp": 0.6,
      "unsharp_sigma": 0.8
    },
    "retry_attempts": 4,
    "round_sigma": 0.3
  },
  "shape_zyx": [
    40,
    128,
    128
  ],
  "voxel_um": 39.0
}