{
  "version": "v15",
  "label": "sample_001",
  "seed": 44,
  "morphometrics": {
    "BVTV": 0.44557819366455076,
    "TbTh_um_p50": 156.0,
    "TbTh_um_p90": 281.23299948619115,
    "TbSp_um_p50": 191.06019993708787,
    "TbSp_um_p90": 517.3934672954424,
    "TbN_per_mm": 2.802664017962139,
    "Euler": 165.0,
    "ConnProxy": -164.0,
    "n_components": 1,
    "lcc_frac": 1.0
  },
  "targets": {
    "bvtv_target": 0.4464620493437137,
    "tbth_um_target": 100.0,
    "tbn_target": 4.0,
    "tbsp_um_target": 200.0
  },
  "validation": {
    "BV/TV": {
      "measured": 0.44557819366455076,
      "target": 0.4464620493437137,
      "rel_error": 0.0019796882634530288,
      "pass": true
    },
    "Tb.Th": {
      "measured": 156.0,
      "target": 100.0,
      "rel_error": 0.56,
      "pass": false
    },
    "Tb.N": {
      "measured": 2.802664017962139,
      "target": 4.0,
      "rel_error": 0.29933399550946527,
      "pass": false
    },
    "Tb.Sp": {
      "measured": 191.06019993708787,
      "target": 200.0,
      "rel_error": 0.04469900031456064,
      "pass": true
    },
    "LCC": {
      "lcc_frac": 1.0,
      "pass": true
    }
  },
  "tamimi_warnings": [],
  "skeleton_stats": {
    "skel_voxels": 1710865,
    "junctions": 1708312,
    "endpoints": 821,
    "ej_ratio": 0.00048059136738488054
  },
  "thick_info": {
    "base_r": 1.2820512820512822,
    "min_r": 0.5,
    "scale": 0.7560311853885651,
    "bvtv_tgt": 0.4464620493437137,
    "bvtv_got": 0.44687538146972655
  },
  "params": {
    "ridge": {
      "base_sigma": 1.6025641025641026,
      "warp_sigma": 14.0,
      "warp_amp": 3.0,
      "hessian_sigma": 1.4,
      "ridge_strength": 1.0,
      "proto_q_hi": 0.92,
      "proto_q_lo": 0.84,
      "proto_close_iters": 2,
      "proto_open_iters": 0,
      "proto_min_component": 400,
      "use_skeleton": true,
      "skeleton_prune_lmin": 8,
      "reconnect_close_iters": 3,
      "radius_mode": "branch",
      "radius_jitter": 0.15,
      "radius_smooth_sigma": 3.0,
      "radius_scale_hint": 1.0,
      "prune_small_components": 0,
      "aniso_ratio": 3.0
    },
    "gray": {
      "write_gray": true,
      "marrow_mean": 20.0,
      "bone_mean": 60.0,
      "solid_fill_sigma": 3.0,
      "pve_sigma": 0.5,
      "noise_sd": 4.0,
      "bg_tex_sd": 2.0,
      "unsharp": 0.6,
      "unsharp_sigma": 0.8
    }
  },
  "shape_zyx": [
    80,
    256,
    256
  ],
  "voxel_um": 39.0
}