{
  "version": "v15_honeycomb",
  "label": "sample_002",
  "seed": 103,
  "morphometrics": {
    "BVTV": 0.32947540283203125,
    "TbTh_um_p50": 156.0,
    "TbTh_um_p90": 258.6967336477212,
    "TbSp_um_p50": 321.60223879817755,
    "TbSp_um_p90": 783.8902984474294,
    "TbN_per_mm": 1.9848090213028933,
    "Euler": 21.0,
    "ConnProxy": -20.0,
    "n_components": 1,
    "lcc_frac": 1.0
  },
  "targets": {
    "bvtv_target": 0.33,
    "tbth_um_target": 180.0,
    "tbn_target": 1.8333333333333335,
    "tbsp_um_target": 700.0
  },
  "validation": {
    "BV/TV": {
      "measured": 0.32947540283203125,
      "target": 0.33,
      "rel_error": 0.001589688387784138,
      "pass": true
    },
    "Tb.Th": {
      "measured": 156.0,
      "target": 180.0,
      "rel_error": 0.13333333333333333,
      "pass": true
    },
    "Tb.N": {
      "measured": 1.9848090213028933,
      "target": 1.8333333333333335,
      "rel_error": 0.08262310252885079,
      "pass": true
    },
    "Tb.Sp": {
      "measured": 321.60223879817755,
      "target": 700.0,
      "rel_error": 0.5405682302883178,
      "pass": false
    },
    "LCC": {
      "lcc_frac": 1.0,
      "pass": true
    }
  },
  "tamimi_warnings": [],
  "skeleton_stats": {
    "skel_voxels": 58295,
    "junctions": 58174,
    "endpoints": 41,
    "ej_ratio": 0.0007047822051088115
  },
  "thick_info": {
    "base_r": 2.3076923076923075,
    "min_r": 0.6923076923076922,
    "scale": 1.2159014195203781,
    "bvtv_tgt": 0.33,
    "bvtv_got": 0.32975616455078127,
    "warn_target_miss": false
  },
  "params": {
    "ridge": {
      "base_sigma": 2.5,
      "warp_sigma": 12.0,
      "warp_amp": 1.2,
      "hessian_sigma": 1.4,
      "ridge_strength": 1.0,
      "proto_q_hi": 0.78,
      "proto_q_lo": 0.65,
      "proto_close_iters": 3,
      "proto_open_iters": 0,
      "proto_min_component": 400,
      "use_skeleton": true,
      "skeleton_prune_lmin": 8,
      "reconnect_close_iters": 3,
      "radius_mode": "branch",
      "radius_jitter": 0.04,
      "radius_smooth_sigma": 3.0,
      "radius_scale_hint": 1.0,
      "prune_small_components": 0,
      "aniso_ratio": 1.0,
      "plate_weight": 0.7,
      "rod_weight": 0.3
    },
    "gray": {
      "write_gray": true,
      "marrow_mean": 15.0,
      "bone_mean": 90.0,
      "solid_fill_sigma": 0.8,
      "pve_sigma": 0.5,
      "noise_sd": 2.0,
      "bg_tex_sd": 0.5,
      "unsharp": 0.6,
      "unsharp_sigma": 0.8
    }
  },
  "shape_zyx": [
    40,
    128,
    128
  ],
  "voxel_um": 39.0
}