{
  "version": "v15_honeycomb",
  "label": "sample_003",
  "seed": 104,
  "morphometrics": {
    "BVTV": 0.35998992919921874,
    "TbTh_um_p50": 246.6576574931336,
    "TbTh_um_p90": 441.2346314604057,
    "TbSp_um_p50": 480.8242922315801,
    "TbSp_um_p90": 1105.8408565431105,
    "TbN_per_mm": 1.3826461696700545,
    "Euler": 10.0,
    "ConnProxy": -9.0,
    "n_components": 1,
    "lcc_frac": 1.0
  },
  "targets": {
    "bvtv_target": 0.36,
    "tbth_um_target": 150.0,
    "tbn_target": 2.4,
    "tbsp_um_target": 595.0480358521751
  },
  "validation": {
    "BV/TV": {
      "measured": 0.35998992919921874,
      "target": 0.36,
      "rel_error": 2.7974446614577166e-05,
      "pass": true
    },
    "Tb.Th": {
      "measured": 246.6576574931336,
      "target": 150.0,
      "rel_error": 0.6443843832875573,
      "pass": false
    },
    "Tb.N": {
      "measured": 1.3826461696700545,
      "target": 2.4,
      "rel_error": 0.4238974293041439,
      "pass": false
    },
    "Tb.Sp": {
      "measured": 480.8242922315801,
      "target": 595.0480358521751,
      "rel_error": 0.1919571811660782,
      "pass": false
    },
    "LCC": {
      "lcc_frac": 1.0,
      "pass": true
    }
  },
  "tamimi_warnings": [],
  "skeleton_stats": {
    "skel_voxels": 30408,
    "junctions": 30384,
    "endpoints": 3,
    "ej_ratio": 9.873617693522907e-05
  },
  "thick_info": {
    "base_r": 1.9230769230769231,
    "min_r": 0.5769230769230769,
    "scale": 2.61604842543602,
    "bvtv_tgt": 0.36,
    "bvtv_got": 0.35998992919921874,
    "warn_target_miss": false
  },
  "params": {
    "ridge": {
      "base_sigma": 2.0,
      "warp_sigma": 12.0,
      "warp_amp": 1.5,
      "hessian_sigma": 1.4,
      "ridge_strength": 1.0,
      "proto_q_hi": 0.78,
      "proto_q_lo": 0.65,
      "proto_close_iters": 3,
      "proto_open_iters": 0,
      "proto_min_component": 400,
      "use_skeleton": true,
      "skeleton_prune_lmin": 8,
      "reconnect_close_iters": 3,
      "radius_mode": "branch",
      "radius_jitter": 0.04,
      "radius_smooth_sigma": 3.0,
      "radius_scale_hint": 1.0,
      "prune_small_components": 0,
      "aniso_ratio": 1.0,
      "plate_weight": 0.7,
      "rod_weight": 0.3
    },
    "gray": {
      "write_gray": true,
      "marrow_mean": 15.0,
      "bone_mean": 90.0,
      "solid_fill_sigma": 0.8,
      "pve_sigma": 0.5,
      "noise_sd": 2.0,
      "bg_tex_sd": 0.5,
      "unsharp": 0.6,
      "unsharp_sigma": 0.8
    }
  },
  "shape_zyx": [
    40,
    128,
    128
  ],
  "voxel_um": 39.0
}