{
  "best_loss": 0.5724712561066267,
  "best_params": {
    "bvtv": 0.2440264882642595,
    "tbth_um": 121.34792864696448,
    "base_sigma": 4.219374804317842,
    "aniso_ratio": 2.3908247852162887,
    "warp_amp": 3.9236452092136638,
    "hessian_sigma": 1.0036729685129502,
    "proto_q_hi": 0.9173026335116201,
    "proto_q_lo": 0.8269097311141163,
    "proto_close_iters": 3,
    "radius_jitter": 0.12333228395093981,
    "round_sigma": 0.3118262841460274,
    "rod_weight": 0.8965382007462402,
    "plate_weight": 0.29725473153857246
  },
  "importances": {
    "tbth_um": 0.5620963210972175,
    "plate_weight": 0.10933590293243317,
    "proto_q_lo": 0.10450038193339743,
    "round_sigma": 0.038305384214234246,
    "hessian_sigma": 0.030756838188460117,
    "radius_jitter": 0.025516389187746787,
    "rod_weight": 0.024664565541719058,
    "proto_close_iters": 0.022896440014814508,
    "base_sigma": 0.022077377539141768,
    "aniso_ratio": 0.021633005509314407,
    "proto_q_hi": 0.01705639017289206,
    "bvtv": 0.012133079024167796,
    "warp_amp": 0.00902792464446126
  },
  "n_trials": 80,
  "elapsed_s": 341.0325472354889
}