{
  "pipeline_version": "1.0",
  "generator_version": "v16",
  "timestamp": "2026-03-17T17:23:45.637745",
  "reference_image": "real_voi1_ref.png",
  "voi_dirs": [
    "data\\derived\\VOI1",
    "data\\derived\\VOI4"
  ],
  "optimization": {
    "n_trials": 80,
    "best_loss": 0.5724712561066267,
    "best_params": {
      "bvtv": 0.2440264882642595,
      "tbth_um": 121.34792864696448,
      "base_sigma": 4.219374804317842,
      "aniso_ratio": 2.3908247852162887,
      "warp_amp": 3.9236452092136638,
      "hessian_sigma": 1.0036729685129502,
      "proto_q_hi": 0.9173026335116201,
      "proto_q_lo": 0.8269097311141163,
      "proto_close_iters": 3,
      "radius_jitter": 0.12333228395093981,
      "round_sigma": 0.3118262841460274,
      "rod_weight": 0.8965382007462402,
      "plate_weight": 0.29725473153857246
    },
    "importances": {
      "tbth_um": 0.5620963210972175,
      "plate_weight": 0.10933590293243317,
      "proto_q_lo": 0.10450038193339743,
      "round_sigma": 0.038305384214234246,
      "hessian_sigma": 0.030756838188460117,
      "radius_jitter": 0.025516389187746787,
      "rod_weight": 0.024664565541719058,
      "proto_close_iters": 0.022896440014814508,
      "base_sigma": 0.022077377539141768,
      "aniso_ratio": 0.021633005509314407,
      "proto_q_hi": 0.01705639017289206,
      "bvtv": 0.012133079024167796,
      "warp_amp": 0.00902792464446126
    },
    "top_3_params": [
      "tbth_um",
      "plate_weight",
      "proto_q_lo"
    ]
  },
  "generation": {
    "num_samples": 50,
    "shape": [
      80,
      256,
      256
    ],
    "voxel_um": 39.0,
    "avg_bvtv": 0.24370856094360352
  },
  "dimensionality_reduction": {
    "features_dir": "output\\full_pipeline\\features",
    "results": {
      "PCA": {
        "n_components": 16,
        "variance_explained": 0.4911605417728424,
        "dist_preservation": null
      },
      "RP_gaussian": {
        "n_components": 16,
        "variance_explained": null,
        "dist_preservation": 1.0015321969985962
      },
      "RP_sparse": {
        "n_components": 16,
        "variance_explained": null,
        "dist_preservation": 0.990264892578125
      }
    },
    "quantum_files": {
      "PCA": "output\\full_pipeline\\features\\pca_quantum_ready.npz",
      "RP_gaussian": "output\\full_pipeline\\features\\rp_gaussian_quantum_ready.npz",
      "RP_sparse": "output\\full_pipeline\\features\\rp_sparse_quantum_ready.npz"
    },
    "n_train": 40,
    "n_test": 10
  },
  "quantum_ready": {
    "n_components": 16,
    "encoding": "angle [0, pi]",
    "n_qubits_needed": 16
  },
  "paper_figures": [
    "importance_plot.png",
    "convergence_plot.png",
    "pca_variance.png",
    "comparison_BVTV.png",
    "comparison_TbTh_um_p50.png",
    "comparison_TbN_per_mm.png",
    "comparison_TbSp_um_p50.png"
  ]
}