{
  "version": "v15",
  "label": "sample_000",
  "seed": 101,
  "morphometrics": {
    "BVTV": 0.23093109130859374,
    "TbTh_um_p50": 78.0,
    "TbTh_um_p90": 174.4133022449836,
    "TbSp_um_p50": 174.4133022449836,
    "TbSp_um_p90": 365.85242926622755,
    "TbN_per_mm": 2.118019517615245,
    "Euler": -360.0,
    "ConnProxy": 361.0,
    "n_components": 1,
    "lcc_frac": 1.0
  },
  "targets": {
    "bvtv_target": 0.23863098454840032,
    "tbth_um_target": 240.0,
    "tbn_target": 0.994295768951668,
    "tbsp_um_target": 700.0
  },
  "validation": {
    "BV/TV": {
      "measured": 0.23093109130859374,
      "target": 0.23863098454840032,
      "rel_error": 0.03226694661792692,
      "pass": true
    },
    "Tb.Th": {
      "measured": 78.0,
      "target": 240.0,
      "rel_error": 0.675,
      "pass": false
    },
    "Tb.N": {
      "measured": 2.118019517615245,
      "target": 0.994295768951668,
      "rel_error": 1.1301705023328934,
      "pass": false
    },
    "Tb.Sp": {
      "measured": 174.4133022449836,
      "target": 700.0,
      "rel_error": 0.7508381396500234,
      "pass": false
    },
    "LCC": {
      "lcc_frac": 1.0,
      "pass": true
    }
  },
  "tamimi_warnings": [
    "TbTh_um_p50=78.00 outside [80.0,300.0]"
  ],
  "skeleton_stats": {
    "skel_voxels": 12250,
    "junctions": 8501,
    "endpoints": 1037,
    "ej_ratio": 0.12198564874720622
  },
  "thick_info": {
    "base_r": 3.076923076923077,
    "min_r": 0.9230769230769231,
    "scale": 0.7479434013366699,
    "bvtv_tgt": 0.23863098454840032,
    "bvtv_got": 0.2386322021484375
  },
  "params": {
    "ridge": {
      "base_sigma": 4.5,
      "warp_sigma": 14.0,
      "warp_amp": 4.8,
      "hessian_sigma": 1.4,
      "ridge_strength": 1.0,
      "proto_q_hi": 0.92,
      "proto_q_lo": 0.84,
      "proto_close_iters": 2,
      "proto_open_iters": 0,
      "proto_min_component": 400,
      "use_skeleton": true,
      "skeleton_prune_lmin": 8,
      "reconnect_close_iters": 3,
      "radius_mode": "branch",
      "radius_jitter": 0.15,
      "radius_smooth_sigma": 3.0,
      "radius_scale_hint": 1.0,
      "prune_small_components": 0,
      "aniso_ratio": 2.5
    },
    "gray": {
      "write_gray": true,
      "marrow_mean": 5.0,
      "bone_mean": 200.0,
      "solid_fill_sigma": 0.5,
      "pve_sigma": 0.5,
      "noise_sd": 6.0,
      "bg_tex_sd": 2.0,
      "unsharp": 0.6,
      "unsharp_sigma": 0.8
    }
  },
  "shape_zyx": [
    40,
    128,
    128
  ],
  "voxel_um": 39.0
}