{
  "version": "v16",
  "label": "sample_121",
  "seed": 135,
  "morphometrics": {
    "BVTV": 0.1981903076171875,
    "TbTh_um_p50": 78.0,
    "TbTh_um_p90": 156.0,
    "TbSp_um_p50": 191.06019993708787,
    "TbSp_um_p90": 405.2998889711173,
    "TbN_per_mm": 1.8941979815778247,
    "Euler": -310.0,
    "ConnProxy": 311.0,
    "n_components": 1,
    "lcc_frac": 1.0
  },
  "morphometrics_raw": {
    "BVTV": 0.20006561279296875,
    "TbTh_um_p50": 78.0,
    "TbTh_um_p90": 156.0,
    "TbSp_um_p50": 191.06019993708787,
    "TbSp_um_p90": 397.7235220602372,
    "TbN_per_mm": 1.9130712768896034,
    "Euler": -317.0,
    "ConnProxy": 318.0,
    "n_components": 2,
    "lcc_frac": 0.9906265492125234
  },
  "targets": {
    "bvtv_target": 0.21026017122033785,
    "tbth_um_target": 196.92853886584606,
    "tbn_target": 1.0676978178544945,
    "tbsp_um_target": 316.4787898455064
  },
  "params": {
    "ridge": {
      "base_sigma": 6.2659151593820255,
      "warp_sigma": 14.0,
      "warp_amp": 3.0,
      "hessian_sigma": 1.4,
      "ridge_strength": 1.0,
      "proto_q_hi": 0.92,
      "proto_q_lo": 0.84,
      "proto_close_iters": 2,
      "proto_open_iters": 0,
      "proto_min_component": 400,
      "use_skeleton": true,
      "skeleton_prune_lmin": 8,
      "reconnect_close_iters": 3,
      "radius_mode": "branch",
      "radius_jitter": 0.15,
      "radius_smooth_sigma": 3.0,
      "radius_scale_hint": 1.0,
      "prune_small_components": 0,
      "aniso_ratio": 3.0,
      "rod_weight": 1.0,
      "plate_weight": 0.0,
      "coarse_weight": 0.5,
      "medium_weight": 0.35,
      "fine_weight": 0.15,
      "sheet_q": 0.92,
      "bridge_dilate_iters": 0,
      "bridge_close_iters": 0
    },
    "gray": {
      "write_gray": true,
      "marrow_mean": 15.0,
      "bone_mean": 240.0,
      "solid_fill_sigma": 3.0,
      "pve_sigma": 0.5,
      "noise_sd": 3.0,
      "bg_tex_sd": 1.0,
      "unsharp": 0.6,
      "unsharp_sigma": 0.8
    },
    "bs_tbsp_adjusted": 6.2659151593820255,
    "tbsp_target": 316.4787898455064
  },
  "shape_zyx": [
    40,
    128,
    128
  ],
  "voxel_um": 39.0
}