{
  "version": "v15",
  "label": "sample_020",
  "seed": 63,
  "morphometrics": {
    "BVTV": 0.18724365234375,
    "TbTh_um_p50": 110.30865786510142,
    "TbTh_um_p90": 220.61731573020285,
    "TbSp_um_p50": 321.60223879817755,
    "TbSp_um_p90": 735.850528300415,
    "TbN_per_mm": 1.4283653973333992,
    "Euler": -2.0,
    "ConnProxy": 3.0,
    "n_components": 1,
    "lcc_frac": 1.0
  },
  "targets": {
    "bvtv_target": 0.18659481210180928,
    "tbth_um_target": 280.0,
    "tbn_target": 0.6664100432207474,
    "tbsp_um_target": 900.0
  },
  "validation": {
    "BV/TV": {
      "measured": 0.18724365234375,
      "target": 0.18659481210180928,
      "rel_error": 0.003477268390434729,
      "pass": true
    },
    "Tb.Th": {
      "measured": 110.30865786510142,
      "target": 280.0,
      "rel_error": 0.6060405076246378,
      "pass": false
    },
    "Tb.N": {
      "measured": 1.4283653973333992,
      "target": 0.6664100432207474,
      "rel_error": 1.1433731557077618,
      "pass": false
    },
    "Tb.Sp": {
      "measured": 321.60223879817755,
      "target": 900.0,
      "rel_error": 0.6426641791131361,
      "pass": false
    },
    "LCC": {
      "lcc_frac": 1.0,
      "pass": true
    }
  },
  "tamimi_warnings": [],
  "skeleton_stats": {
    "skel_voxels": 397,
    "junctions": 123,
    "endpoints": 69,
    "ej_ratio": 0.5609756097560976
  },
  "thick_info": {
    "base_r": 3.58974358974359,
    "min_r": 1.0769230769230769,
    "scale": 0.9361572265625,
    "bvtv_tgt": 0.18659481210180928,
    "bvtv_got": 0.18658447265625
  },
  "params": {
    "ridge": {
      "base_sigma": 9.619087340394453,
      "warp_sigma": 14.0,
      "warp_amp": 3.0,
      "hessian_sigma": 1.4,
      "ridge_strength": 1.0,
      "proto_q_hi": 0.92,
      "proto_q_lo": 0.84,
      "proto_close_iters": 2,
      "proto_open_iters": 0,
      "proto_min_component": 400,
      "use_skeleton": true,
      "skeleton_prune_lmin": 8,
      "reconnect_close_iters": 3,
      "radius_mode": "branch",
      "radius_jitter": 0.15,
      "radius_smooth_sigma": 3.0,
      "radius_scale_hint": 1.0,
      "prune_small_components": 0,
      "aniso_ratio": 3.0
    },
    "gray": {
      "write_gray": true,
      "marrow_mean": 15.0,
      "bone_mean": 240.0,
      "solid_fill_sigma": 3.0,
      "pve_sigma": 0.5,
      "noise_sd": 4.0,
      "bg_tex_sd": 2.0,
      "unsharp": 0.6,
      "unsharp_sigma": 0.8
    }
  },
  "shape_zyx": [
    20,
    64,
    64
  ],
  "voxel_um": 39.0
}