{
  "version": "v15",
  "label": "sample_001",
  "seed": 44,
  "morphometrics": {
    "BVTV": 0.46038315329218105,
    "TbTh_um_p50": 135.09996299037243,
    "TbTh_um_p90": 281.23299948619115,
    "TbSp_um_p50": 156.0,
    "TbSp_um_p90": 382.12039987417575,
    "TbN_per_mm": 3.007525317017649,
    "Euler": -7437.0,
    "ConnProxy": 7438.0,
    "n_components": 1,
    "lcc_frac": 1.0
  },
  "targets": {
    "bvtv_target": 0.4464620493437137,
    "tbth_um_target": 100.0,
    "tbn_target": 4.0,
    "tbsp_um_target": 200.0
  },
  "validation": {
    "BV/TV": {
      "measured": 0.46038315329218105,
      "target": 0.4464620493437137,
      "rel_error": 0.031180934569760118,
      "pass": true
    },
    "Tb.Th": {
      "measured": 135.09996299037243,
      "target": 100.0,
      "rel_error": 0.35099962990372435,
      "pass": false
    },
    "Tb.N": {
      "measured": 3.007525317017649,
      "target": 4.0,
      "rel_error": 0.2481186707455878,
      "pass": false
    },
    "Tb.Sp": {
      "measured": 156.0,
      "target": 200.0,
      "rel_error": 0.22,
      "pass": false
    },
    "LCC": {
      "lcc_frac": 1.0,
      "pass": true
    }
  },
  "tamimi_warnings": [],
  "skeleton_stats": {
    "skel_voxels": 16210197,
    "junctions": 16208680,
    "endpoints": 546,
    "ej_ratio": 3.3685654846662403e-05
  },
  "thick_info": {
    "base_r": 1.2820512820512822,
    "min_r": 0.5,
    "scale": 0.8640828132629395,
    "bvtv_tgt": 0.4464620493437137,
    "bvtv_got": 0.45879194958847735
  },
  "params": {
    "ridge": {
      "base_sigma": 1.6025641025641026,
      "warp_sigma": 14.0,
      "warp_amp": 4.8,
      "hessian_sigma": 1.4,
      "ridge_strength": 1.0,
      "proto_q_hi": 0.92,
      "proto_q_lo": 0.84,
      "proto_close_iters": 2,
      "proto_open_iters": 0,
      "proto_min_component": 400,
      "use_skeleton": true,
      "skeleton_prune_lmin": 8,
      "reconnect_close_iters": 3,
      "radius_mode": "branch",
      "radius_jitter": 0.15,
      "radius_smooth_sigma": 3.0,
      "radius_scale_hint": 1.0,
      "prune_small_components": 0
    },
    "gray": {
      "write_gray": true,
      "marrow_mean": 50.0,
      "bone_mean": 110.0,
      "solid_fill_sigma": 3.0,
      "pve_sigma": 0.5,
      "noise_sd": 4.0,
      "bg_tex_sd": 2.0,
      "unsharp": 0.6,
      "unsharp_sigma": 0.8
    }
  },
  "shape_zyx": [
    432,
    300,
    300
  ],
  "voxel_um": 39.0
}