{
  "version": "v15",
  "label": "sample_002",
  "seed": 103,
  "morphometrics": {
    "BVTV": 0.4227714538574219,
    "TbTh_um_p50": 220.61731573020285,
    "TbTh_um_p90": 397.7235220602372,
    "TbSp_um_p50": 330.9259735953042,
    "TbSp_um_p90": 861.5381593406064,
    "TbN_per_mm": 1.8494740076582978,
    "Euler": 118.0,
    "ConnProxy": -117.0,
    "n_components": 1,
    "lcc_frac": 1.0
  },
  "targets": {
    "bvtv_target": 0.4227768343557819,
    "tbth_um_target": 280.0,
    "tbn_target": 1.5099172655563637,
    "tbsp_um_target": 900.0
  },
  "validation": {
    "BV/TV": {
      "measured": 0.4227714538574219,
      "target": 0.4227768343557819,
      "rel_error": 1.272656854110249e-05,
      "pass": true
    },
    "Tb.Th": {
      "measured": 220.61731573020285,
      "target": 280.0,
      "rel_error": 0.21208101524927556,
      "pass": false
    },
    "Tb.N": {
      "measured": 1.8494740076582978,
      "target": 1.5099172655563637,
      "rel_error": 0.224884336279721,
      "pass": false
    },
    "Tb.Sp": {
      "measured": 330.9259735953042,
      "target": 900.0,
      "rel_error": 0.6323044737829954,
      "pass": false
    },
    "LCC": {
      "lcc_frac": 1.0,
      "pass": true
    }
  },
  "tamimi_warnings": [],
  "skeleton_stats": {
    "skel_voxels": 870954,
    "junctions": 870469,
    "endpoints": 151,
    "ej_ratio": 0.00017346970426287438
  },
  "thick_info": {
    "base_r": 3.58974358974359,
    "min_r": 1.0769230769230769,
    "scale": 0.8368747681379318,
    "bvtv_tgt": 0.4227768343557819,
    "bvtv_got": 0.42270736694335936
  },
  "params": {
    "ridge": {
      "base_sigma": 5.0,
      "warp_sigma": 14.0,
      "warp_amp": 3.0,
      "hessian_sigma": 1.8,
      "ridge_strength": 1.0,
      "proto_q_hi": 0.88,
      "proto_q_lo": 0.8,
      "proto_close_iters": 4,
      "proto_open_iters": 0,
      "proto_min_component": 200,
      "use_skeleton": true,
      "skeleton_prune_lmin": 8,
      "reconnect_close_iters": 5,
      "radius_mode": "branch",
      "radius_jitter": 0.1,
      "radius_smooth_sigma": 3.0,
      "radius_scale_hint": 1.0,
      "prune_small_components": 0,
      "aniso_ratio": 3.5
    },
    "gray": {
      "write_gray": true,
      "marrow_mean": 15.0,
      "bone_mean": 200.0,
      "solid_fill_sigma": 1.5,
      "pve_sigma": 0.5,
      "noise_sd": 4.0,
      "bg_tex_sd": 2.0,
      "unsharp": 0.6,
      "unsharp_sigma": 0.8
    }
  },
  "shape_zyx": [
    80,
    256,
    256
  ],
  "voxel_um": 39.0
}