{
  "version": "v15",
  "label": "sample_331",
  "seed": 2232,
  "morphometrics": {
    "BVTV": 0.3701995849609375,
    "TbTh_um_p50": 135.09996299037243,
    "TbTh_um_p90": 258.6967336477212,
    "TbSp_um_p50": 220.61731573020285,
    "TbSp_um_p90": 480.8242922315801,
    "TbN_per_mm": 2.4609083765409334,
    "Euler": -38.0,
    "ConnProxy": 39.0,
    "n_components": 1,
    "lcc_frac": 1.0
  },
  "morphometrics_raw": {
    "BVTV": 0.3701995849609375,
    "TbTh_um_p50": 135.09996299037243,
    "TbTh_um_p90": 258.6967336477212,
    "TbSp_um_p50": 220.61731573020285,
    "TbSp_um_p90": 480.8242922315801,
    "TbN_per_mm": 2.4609083765409334,
    "Euler": -38.0,
    "ConnProxy": 39.0,
    "n_components": 1,
    "lcc_frac": 1.0
  },
  "targets": {
    "bvtv_target": 0.36699279285107395,
    "tbth_um_target": 187.42465985761663,
    "tbn_target": 1.9580816800194392,
    "tbsp_um_target": 637.6061620524862
  },
  "params": {
    "ridge": {
      "base_sigma": 5.550424648209945,
      "warp_sigma": 10.0,
      "warp_amp": 1.5,
      "hessian_sigma": 1.4,
      "ridge_strength": 1.0,
      "proto_q_hi": 0.78,
      "proto_q_lo": 0.65,
      "proto_close_iters": 1,
      "proto_open_iters": 0,
      "proto_min_component": 0,
      "use_skeleton": true,
      "skeleton_prune_lmin": 8,
      "reconnect_close_iters": 3,
      "radius_mode": "branch",
      "radius_jitter": 0.04,
      "radius_smooth_sigma": 3.0,
      "radius_scale_hint": 1.0,
      "prune_small_components": 0,
      "aniso_ratio": 1.0,
      "plate_weight": 0.7,
      "rod_weight": 0.3
    },
    "gray": {
      "write_gray": true,
      "marrow_mean": 20.0,
      "bone_mean": 95.0,
      "solid_fill_sigma": 1.8,
      "pve_sigma": 0.5,
      "noise_sd": 3.0,
      "bg_tex_sd": 1.0,
      "unsharp": 0.6,
      "unsharp_sigma": 0.8
    },
    "bs_tbsp_adjusted": 5.550424648209945,
    "tbsp_target": 637.6061620524862,
    "plate_mode": true
  },
  "shape_zyx": [
    40,
    128,
    128
  ],
  "voxel_um": 39.0
}