{
  "version": "v16",
  "label": "sample_001",
  "seed": 1099,
  "best_connectivity_score": 2298.4611067017786,
  "connectivity": {
    "score": 2298.4611067017786,
    "junctions": 38556,
    "endpoints": 15,
    "ej_ratio": 0.0003890445066915655
  },
  "morphometrics": {
    "BVTV": 0.29902801513671873,
    "TbTh_um_p50": 135.09996299037243,
    "TbTh_um_p90": 220.61731573020285,
    "TbSp_um_p50": 321.60223879817755,
    "TbSp_um_p90": 772.1606050557099,
    "TbN_per_mm": 2.182034943547391,
    "Euler": 29.0,
    "ConnProxy": -28.0,
    "n_components": 1,
    "lcc_frac": 1.0
  },
  "targets": {
    "bvtv_target": 0.3,
    "tbth_um_target": 180.0,
    "tbn_target": 1.6666666666666667,
    "tbsp_um_target": 900.0
  },
  "validation": {
    "BV/TV": {
      "measured": 0.29902801513671873,
      "target": 0.3,
      "rel_error": 0.0032399495442708703,
      "tolerance": 0.05,
      "pass": true
    },
    "Tb.Th": {
      "measured": 135.09996299037243,
      "target": 180.0,
      "rel_error": 0.24944465005348648,
      "tolerance": 0.15,
      "pass": false
    },
    "Tb.N": {
      "measured": 2.182034943547391,
      "target": 1.6666666666666667,
      "rel_error": 0.30922096612843464,
      "tolerance": 0.2,
      "pass": false
    },
    "Tb.Sp": {
      "measured": 321.60223879817755,
      "target": 900.0,
      "rel_error": 0.6426641791131361,
      "tolerance": 0.15,
      "pass": false
    },
    "Connectivity (LCC)": {
      "lcc_frac": 1.0,
      "n_components": 1,
      "pass": true
    }
  },
  "tamimi_warnings": [],
  "skeleton_stats": {
    "skel_voxels": 38594,
    "junctions": 38556,
    "endpoints": 15,
    "ej_ratio": 0.0003890445066915655
  },
  "component_stats": {
    "n_components": 1,
    "lcc_frac": 1.0
  },
  "thick_info": {
    "base_r": 2.3076923076923075,
    "min_r": 0.6923076923076922,
    "scale": 0.963389202952385,
    "bvtv_tgt": 0.3,
    "bvtv_got": 0.29902801513671873,
    "warn_target_miss": false
  },
  "proto_info": {
    "hysteresis": {
      "thr_lo": 0.0636274442076683,
      "thr_hi": 0.08855000883340836
    },
    "used_skeleton": true,
    "skel_mode": "skimage",
    "prune": {
      "prune_lmin": 6,
      "vox_removed": 1
    },
    "rod_weight": 0.1,
    "plate_weight": 0.9
  },
  "params": {
    "ridge": {
      "base_sigma": 5.5,
      "warp_sigma": 14.0,
      "warp_amp": 6.0,
      "hessian_sigma": 1.1,
      "ridge_strength": 1.0,
      "proto_q_hi": 0.82,
      "proto_q_lo": 0.7,
      "proto_close_iters": 3,
      "proto_open_iters": 0,
      "proto_min_component": 250,
      "use_skeleton": true,
      "skeleton_prune_lmin": 6,
      "reconnect_close_iters": 0,
      "radius_mode": "branch",
      "radius_jitter": 0.05,
      "radius_smooth_sigma": 3.0,
      "radius_scale_hint": 1.0,
      "prune_small_components": 0,
      "aniso_ratio": 1.1,
      "rod_weight": 0.1,
      "plate_weight": 0.9,
      "coarse_weight": 0.5,
      "medium_weight": 0.35,
      "fine_weight": 0.15,
      "sheet_q": 0.85,
      "bridge_dilate_iters": 0,
      "bridge_close_iters": 0
    },
    "gray": {
      "write_gray": true,
      "marrow_mean": 15.0,
      "bone_mean": 65.0,
      "solid_fill_sigma": 1.0,
      "pve_sigma": 0.5,
      "noise_sd": 4.0,
      "bg_tex_sd": 2.0,
      "unsharp": 0.6,
      "unsharp_sigma": 0.8
    },
    "retry_attempts": 4,
    "round_sigma": 0.3
  },
  "shape_zyx": [
    40,
    128,
    128
  ],
  "voxel_um": 39.0
}