{
  "pipeline_version": "2.3",
  "fixes_applied": [
    "fix1_joint_sampling",
    "fix2_honest_lcc",
    "fix3_antifloor",
    "fix4_tbsp_sigma",
    "fix13_texture_features",
    "fix14_plate_mode"
  ],
  "generator_version": "v15",
  "timestamp": "2026-04-22T00:10:24.851857",
  "validation_gate": {
    "validates_on": "raw_morphology_before_keep_largest_component",
    "bvtv_rel_err_max": 0.08,
    "lcc_min": 0.95,
    "tbth_floor_um": 0.0,
    "tbsp_sigma_scale": 0.004
  },
  "joint_sampler": {
    "used": true,
    "n_sources": 18
  },
  "generation": {
    "num_samples_requested": 500,
    "num_samples_saved": 500,
    "shape": [
      40,
      128,
      128
    ],
    "voxel_um": 39.0,
    "plate_mode": true
  },
  "dimensionality_reduction": {
    "features_dir": "output\\independent_test_v2\\dataset_03\\features",
    "feature_type": "texture",
    "scaler": "robust",
    "results": {
      "PCA": {
        "n_components": 16,
        "variance_explained": 0.9955008625984192,
        "dist_preservation": null,
        "downstream_metrics": {
          "per_label": {
            "BVTV": {
              "r2": 0.6846127510070801,
              "mae": 0.013417363166809082
            },
            "TbTh_um_p50": {
              "r2": 0.9070025086402893,
              "mae": 7.610579967498779
            },
            "TbN_per_mm": {
              "r2": 0.9285961985588074,
              "mae": 0.09223855286836624
            },
            "TbSp_um_p50": {
              "r2": 0.9336942434310913,
              "mae": 13.814142227172852
            }
          },
          "mean_r2": 0.863476425409317,
          "mean_mae": 5.3825945276767015
        }
      },
      "RP_gaussian": {
        "n_components": 16,
        "variance_explained": null,
        "dist_preservation": 0.9849910736083984,
        "downstream_metrics": {
          "per_label": {
            "BVTV": {
              "r2": 0.6944053173065186,
              "mae": 0.013520398177206516
            },
            "TbTh_um_p50": {
              "r2": 0.9070709347724915,
              "mae": 7.492527484893799
            },
            "TbN_per_mm": {
              "r2": 0.9148898124694824,
              "mae": 0.10329015552997589
            },
            "TbSp_um_p50": {
              "r2": 0.9231178164482117,
              "mae": 15.11860466003418
            }
          },
          "mean_r2": 0.859870970249176,
          "mean_mae": 5.68198567465879
        }
      },
      "RP_sparse": {
        "n_components": 16,
        "variance_explained": null,
        "dist_preservation": 0.9587604999542236,
        "downstream_metrics": {
          "per_label": {
            "BVTV": {
              "r2": 0.6769235730171204,
              "mae": 0.013514373451471329
            },
            "TbTh_um_p50": {
              "r2": 0.9015505909919739,
              "mae": 7.773300647735596
            },
            "TbN_per_mm": {
              "r2": 0.9230763912200928,
              "mae": 0.09866344183683395
            },
            "TbSp_um_p50": {
              "r2": 0.9290345907211304,
              "mae": 13.915935516357422
            }
          },
          "mean_r2": 0.8576462864875793,
          "mean_mae": 5.450353494845331
        }
      },
      "UMAP": {
        "n_components": 16,
        "variance_explained": null,
        "dist_preservation": null,
        "downstream_metrics": {
          "per_label": {
            "BVTV": {
              "r2": 0.5939037799835205,
              "mae": 0.014916837215423584
            },
            "TbTh_um_p50": {
              "r2": 0.8743970990180969,
              "mae": 8.382258415222168
            },
            "TbN_per_mm": {
              "r2": 0.8571648597717285,
              "mae": 0.14052221179008484
            },
            "TbSp_um_p50": {
              "r2": 0.9006136059761047,
              "mae": 16.43606948852539
            }
          },
          "mean_r2": 0.8065198361873627,
          "mean_mae": 6.243441738188267
        }
      },
      "PLS": {
        "n_components": 4,
        "variance_explained": null,
        "dist_preservation": null,
        "downstream_metrics": {
          "per_label": {
            "BVTV": {
              "r2": 0.6701860588770358,
              "mae": 0.01436204549036462
            },
            "TbTh_um_p50": {
              "r2": 0.9056494039970209,
              "mae": 7.4776067538611075
            },
            "TbN_per_mm": {
              "r2": 0.9198379409985225,
              "mae": 0.0968418384665565
            },
            "TbSp_um_p50": {
              "r2": 0.9290396386223378,
              "mae": 14.514898229742712
            }
          },
          "mean_r2": 0.8561782606237291,
          "mean_mae": 5.525927216890185
        }
      }
    },
    "quantum_files": {
      "PCA": "output\\independent_test_v2\\dataset_03\\features\\pca_quantum_ready.npz",
      "RP_gaussian": "output\\independent_test_v2\\dataset_03\\features\\rp_gaussian_quantum_ready.npz",
      "RP_sparse": "output\\independent_test_v2\\dataset_03\\features\\rp_sparse_quantum_ready.npz",
      "UMAP": "output\\independent_test_v2\\dataset_03\\features\\umap_quantum_ready.npz",
      "PLS": "output\\independent_test_v2\\dataset_03\\features\\pls_quantum_ready.npz"
    },
    "n_train": 400,
    "n_test": 100
  }
}