{
  "version": "v15_reworked_connected",
  "label": "sample_000",
  "seed": 43,
  "best_connectivity_score": 461417.9943630703,
  "connectivity": {
    "score": 461417.9943630703,
    "junctions": 230622,
    "endpoints": 26,
    "ej_ratio": 0.00011273859388956821
  },
  "morphometrics": {
    "BVTV": 0.22127304077148438,
    "TbTh_um_p50": 135.09996299037243,
    "TbTh_um_p90": 220.61731573020285,
    "TbSp_um_p50": 461.45422308177007,
    "TbSp_um_p90": 1213.3952365161156,
    "TbN_per_mm": 1.6420259086699769,
    "Euler": 75.0,
    "ConnProxy": -74.0,
    "n_components": 1,
    "lcc_frac": 1.0
  },
  "targets": {
    "bvtv_target": 0.22,
    "tbth_um_target": 180.0,
    "tbn_target": 1.7704752730070774,
    "tbsp_um_target": 900.0
  },
  "validation": {
    "BV/TV": {
      "measured": 0.22127304077148438,
      "target": 0.22,
      "rel_error": 0.005786548961292634,
      "pass": true
    },
    "Tb.Th": {
      "measured": 135.09996299037243,
      "target": 180.0,
      "rel_error": 0.24944465005348648,
      "pass": false
    },
    "Tb.N": {
      "measured": 1.6420259086699769,
      "target": 1.7704752730070774,
      "rel_error": 0.07255078130457858,
      "pass": true
    },
    "Tb.Sp": {
      "measured": 461.45422308177007,
      "target": 900.0,
      "rel_error": 0.48727308546469994,
      "pass": false
    },
    "LCC": {
      "lcc_frac": 1.0,
      "pass": true
    }
  },
  "tamimi_warnings": [],
  "skeleton_stats": {
    "skel_voxels": 230716,
    "junctions": 230622,
    "endpoints": 26,
    "ej_ratio": 0.00011273859388956821
  },
  "component_stats": {
    "n_components": 1,
    "lcc_frac": 1.0
  },
  "thick_info": {
    "base_r": 2.3076923076923075,
    "min_r": 0.6923076923076922,
    "scale": 0.990159273147583,
    "bvtv_tgt": 0.22,
    "bvtv_got": 0.21953983306884767
  },
  "proto_info": {
    "hysteresis": {
      "thr_lo": 0.48707252085208896,
      "thr_hi": 0.5706914889812468
    },
    "used_skeleton": true,
    "skel_mode": "skimage",
    "prune": {
      "prune_lmin": 4,
      "vox_removed": 2
    },
    "rod_weight": 0.65,
    "plate_weight": 0.35
  },
  "params": {
    "ridge": {
      "base_sigma": 5.2,
      "warp_sigma": 16.0,
      "warp_amp": 2.0,
      "hessian_sigma": 1.5,
      "ridge_strength": 1.0,
      "proto_q_hi": 0.87,
      "proto_q_lo": 0.78,
      "proto_close_iters": 4,
      "proto_open_iters": 0,
      "proto_min_component": 150,
      "use_skeleton": true,
      "skeleton_prune_lmin": 4,
      "reconnect_close_iters": 5,
      "radius_mode": "branch",
      "radius_jitter": 0.08,
      "radius_smooth_sigma": 3.0,
      "radius_scale_hint": 1.0,
      "prune_small_components": 0,
      "aniso_ratio": 2.2,
      "rod_weight": 0.65,
      "plate_weight": 0.35,
      "coarse_weight": 0.5,
      "medium_weight": 0.35,
      "fine_weight": 0.15,
      "sheet_q": 0.78,
      "bridge_dilate_iters": 1,
      "bridge_close_iters": 2
    },
    "gray": {
      "write_gray": true,
      "marrow_mean": 15.0,
      "bone_mean": 200.0,
      "solid_fill_sigma": null,
      "pve_sigma": 0.5,
      "noise_sd": 4.0,
      "bg_tex_sd": 2.0,
      "unsharp": 0.6,
      "unsharp_sigma": 0.8
    },
    "retry_attempts": 5
  },
  "shape_zyx": [
    80,
    256,
    256
  ],
  "voxel_um": 39.0
}