{
  "task": "classify-bvtv",
  "n_qubits": 8,
  "feature_map": "ZZ",
  "reps": 2,
  "cv": "5x5",
  "results": {
    "pca": {
      "classical": {
        "accuracy": 0.7316000000000001,
        "accuracy_std": 0.034488258871679806,
        "f1_score": 0.7306026137133657,
        "f1_std": 0.03442682788159225,
        "n_evaluations": 25,
        "cv_type": "RepeatedStratifiedKFold(5x5)"
      },
      "quantum": {
        "accuracy": 0.6332,
        "accuracy_std": 0.04839173483147717,
        "f1_score": 0.6324138714616907,
        "f1_std": 0.04827887343705258,
        "n_evaluations": 25,
        "cv_type": "RepeatedStratifiedKFold(5x5)",
        "kernel_time_s": 8426.557393550873,
        "circuit_depth": 1,
        "n_qubits": 8,
        "feature_map": "ZZ",
        "reps": 2
      }
    },
    "rp_gaussian": {
      "classical": {
        "accuracy": 0.7240000000000001,
        "accuracy_std": 0.03611094017053559,
        "f1_score": 0.7217444880323398,
        "f1_std": 0.0362268691489812,
        "n_evaluations": 25,
        "cv_type": "RepeatedStratifiedKFold(5x5)"
      },
      "quantum": {
        "accuracy": 0.6344000000000001,
        "accuracy_std": 0.03656008752724753,
        "f1_score": 0.6326743653865692,
        "f1_std": 0.037520039908627296,
        "n_evaluations": 25,
        "cv_type": "RepeatedStratifiedKFold(5x5)",
        "kernel_time_s": 6859.327348709106,
        "circuit_depth": 1,
        "n_qubits": 8,
        "feature_map": "ZZ",
        "reps": 2
      }
    },
    "pls": {
      "classical": {
        "accuracy": 0.7355999999999999,
        "accuracy_std": 0.0355617772334286,
        "f1_score": 0.7319545407652057,
        "f1_std": 0.03585209147533199,
        "n_evaluations": 25,
        "cv_type": "RepeatedStratifiedKFold(5x5)"
      },
      "quantum": {
        "accuracy": 0.6196,
        "accuracy_std": 0.048947318619103126,
        "f1_score": 0.6171663715824967,
        "f1_std": 0.04968339808549965,
        "n_evaluations": 25,
        "cv_type": "RepeatedStratifiedKFold(5x5)",
        "kernel_time_s": 1156.6008927822113,
        "circuit_depth": 1,
        "n_qubits": 4,
        "feature_map": "ZZ",
        "reps": 2
      }
    },
    "umap": {
      "classical": {
        "accuracy": 0.6931999999999999,
        "accuracy_std": 0.048391734831477164,
        "f1_score": 0.6902882715410347,
        "f1_std": 0.04834689689340672,
        "n_evaluations": 25,
        "cv_type": "RepeatedStratifiedKFold(5x5)"
      },
      "quantum": {
        "accuracy": 0.7252,
        "accuracy_std": 0.03213969508256107,
        "f1_score": 0.72423442428018,
        "f1_std": 0.03227661089311544,
        "n_evaluations": 25,
        "cv_type": "RepeatedStratifiedKFold(5x5)",
        "kernel_time_s": 5560.2276067733765,
        "circuit_depth": 1,
        "n_qubits": 8,
        "feature_map": "ZZ",
        "reps": 2
      }
    }
  }
}