{
  "task": "classify-bvtv",
  "results": {
    "pca": {
      "classical_mean": 0.7316000000000001,
      "classical_std": 0.034488258871679806,
      "quantum_mean": 0.6332,
      "quantum_std": 0.04839173483147717,
      "gap": -0.09839999999999999,
      "wilcoxon": {
        "stat": 1.0,
        "p_value": 1.3663070178096855e-05
      },
      "nadeau_bengio": {
        "t_stat": -4.0058514912555285,
        "p_value": 0.0005191741179111895
      },
      "5x2cv": {
        "t_stat": -5.126524163602465,
        "p_value": 0.0036868397079063515,
        "mean_diff": -0.11600000000000002,
        "q_wins": 0
      }
    },
    "rp_gaussian": {
      "classical_mean": 0.7240000000000001,
      "classical_std": 0.03611094017053559,
      "quantum_mean": 0.6344000000000001,
      "quantum_std": 0.03656008752724753,
      "gap": -0.08959999999999999,
      "wilcoxon": {
        "stat": 0.0,
        "p_value": 1.2080106561372081e-05
      },
      "nadeau_bengio": {
        "t_stat": -3.7720269885401954,
        "p_value": 0.0009354436282373538
      },
      "5x2cv": {
        "t_stat": -1.851992993717977,
        "p_value": 0.12323258025768868,
        "mean_diff": -0.09119999999999998,
        "q_wins": 0
      }
    },
    "pls": {
      "classical_mean": 0.7355999999999999,
      "classical_std": 0.0355617772334286,
      "quantum_mean": 0.6196,
      "quantum_std": 0.048947318619103126,
      "gap": -0.11599999999999999,
      "wilcoxon": {
        "stat": 1.0,
        "p_value": 1.3663070178096855e-05
      },
      "nadeau_bengio": {
        "t_stat": -3.9885550552263185,
        "p_value": 0.0005423659021600109
      },
      "5x2cv": {
        "t_stat": -4.4019568602257175,
        "p_value": 0.007009036644512644,
        "mean_diff": -0.12720000000000004,
        "q_wins": 0
      }
    },
    "umap": {
      "classical_mean": 0.6931999999999999,
      "classical_std": 0.048391734831477164,
      "quantum_mean": 0.7252,
      "quantum_std": 0.03213969508256107,
      "gap": 0.031999999999999994,
      "wilcoxon": {
        "stat": 39.5,
        "p_value": 0.001516135361244996
      },
      "nadeau_bengio": {
        "t_stat": 1.420469637179121,
        "p_value": 0.168332943886644
      },
      "5x2cv": {
        "t_stat": 1.5719549837837214,
        "p_value": 0.17676577831071624,
        "mean_diff": 0.030799999999999984,
        "q_wins": 9
      }
    }
  }
}