{
  "pca": {
    "classical_mean": 0.7316000000000001,
    "quantum_mean": 0.6332,
    "mean_diff": -0.09839999999999999,
    "wilcoxon_stat": 1.0,
    "p_two_sided": 1.3663070178096855e-05,
    "p_greater": 0.9999931684649109,
    "folds_q_wins": 1,
    "n_folds": 25
  },
  "rp_gaussian": {
    "classical_mean": 0.7240000000000001,
    "quantum_mean": 0.6344000000000001,
    "mean_diff": -0.08959999999999999,
    "wilcoxon_stat": 0.0,
    "p_two_sided": 1.2080106561372081e-05,
    "p_greater": 0.9999939599467194,
    "folds_q_wins": 0,
    "n_folds": 25
  },
  "pls": {
    "classical_mean": 0.7355999999999999,
    "quantum_mean": 0.6196,
    "mean_diff": -0.11599999999999999,
    "wilcoxon_stat": 1.0,
    "p_two_sided": 1.3663070178096855e-05,
    "p_greater": 0.9999931684649109,
    "folds_q_wins": 1,
    "n_folds": 25
  },
  "umap": {
    "classical_mean": 0.6931999999999999,
    "quantum_mean": 0.7252,
    "mean_diff": 0.031999999999999994,
    "wilcoxon_stat": 39.5,
    "p_two_sided": 0.001516135361244996,
    "p_greater": 0.000758067680622498,
    "folds_q_wins": 19,
    "n_folds": 25
  }
}