{
  "version": "v15",
  "label": "sample_019",
  "seed": 62,
  "morphometrics": {
    "BVTV": 0.451953125,
    "TbTh_um_p50": 110.30865786510142,
    "TbTh_um_p90": 234.0,
    "TbSp_um_p50": 135.09996299037243,
    "TbSp_um_p90": 321.60223879817755,
    "TbN_per_mm": 3.2025041315073364,
    "Euler": -37.0,
    "ConnProxy": 38.0,
    "n_components": 1,
    "lcc_frac": 1.0
  },
  "targets": {
    "bvtv_target": 0.45,
    "tbth_um_target": 280.0,
    "tbn_target": 1.607142857142857,
    "tbsp_um_target": 900.0
  },
  "validation": {
    "BV/TV": {
      "measured": 0.451953125,
      "target": 0.45,
      "rel_error": 0.004340277777777778,
      "pass": true
    },
    "Tb.Th": {
      "measured": 110.30865786510142,
      "target": 280.0,
      "rel_error": 0.6060405076246378,
      "pass": false
    },
    "Tb.N": {
      "measured": 3.2025041315073364,
      "target": 1.607142857142857,
      "rel_error": 0.9926692373823428,
      "pass": false
    },
    "Tb.Sp": {
      "measured": 135.09996299037243,
      "target": 900.0,
      "rel_error": 0.8498889300106973,
      "pass": false
    },
    "LCC": {
      "lcc_frac": 1.0,
      "pass": true
    }
  },
  "tamimi_warnings": [
    "TbSp_um_p50=135.10 outside [150.0,1200.0]"
  ],
  "skeleton_stats": {
    "skel_voxels": 1659,
    "junctions": 1265,
    "endpoints": 116,
    "ej_ratio": 0.091699604743083
  },
  "thick_info": {
    "base_r": 3.58974358974359,
    "min_r": 1.0769230769230769,
    "scale": 0.9349822998046875,
    "bvtv_tgt": 0.45,
    "bvtv_got": 0.44998779296875
  },
  "params": {
    "ridge": {
      "base_sigma": 3.988603988603989,
      "warp_sigma": 14.0,
      "warp_amp": 3.0,
      "hessian_sigma": 1.4,
      "ridge_strength": 1.0,
      "proto_q_hi": 0.92,
      "proto_q_lo": 0.84,
      "proto_close_iters": 2,
      "proto_open_iters": 0,
      "proto_min_component": 400,
      "use_skeleton": true,
      "skeleton_prune_lmin": 8,
      "reconnect_close_iters": 3,
      "radius_mode": "branch",
      "radius_jitter": 0.15,
      "radius_smooth_sigma": 3.0,
      "radius_scale_hint": 1.0,
      "prune_small_components": 0,
      "aniso_ratio": 3.0
    },
    "gray": {
      "write_gray": true,
      "marrow_mean": 15.0,
      "bone_mean": 240.0,
      "solid_fill_sigma": 3.0,
      "pve_sigma": 0.5,
      "noise_sd": 4.0,
      "bg_tex_sd": 2.0,
      "unsharp": 0.6,
      "unsharp_sigma": 0.8
    }
  },
  "shape_zyx": [
    20,
    64,
    64
  ],
  "voxel_um": 39.0
}