{
  "version": "v15",
  "label": "sample_016",
  "seed": 59,
  "morphometrics": {
    "BVTV": 0.42357177734375,
    "TbTh_um_p50": 110.30865786510142,
    "TbTh_um_p90": 234.0,
    "TbSp_um_p50": 156.0,
    "TbSp_um_p90": 339.99411759617254,
    "TbN_per_mm": 2.971108364554673,
    "Euler": -27.0,
    "ConnProxy": 28.0,
    "n_components": 1,
    "lcc_frac": 1.0
  },
  "targets": {
    "bvtv_target": 0.42054390172269046,
    "tbth_um_target": 280.0,
    "tbn_target": 1.5019425061524658,
    "tbsp_um_target": 900.0
  },
  "validation": {
    "BV/TV": {
      "measured": 0.42357177734375,
      "target": 0.42054390172269046,
      "rel_error": 0.007199903764283217,
      "pass": true
    },
    "Tb.Th": {
      "measured": 110.30865786510142,
      "target": 280.0,
      "rel_error": 0.6060405076246378,
      "pass": false
    },
    "Tb.N": {
      "measured": 2.971108364554673,
      "target": 1.5019425061524658,
      "rel_error": 0.9781771621643344,
      "pass": false
    },
    "Tb.Sp": {
      "measured": 156.0,
      "target": 900.0,
      "rel_error": 0.8266666666666667,
      "pass": false
    },
    "LCC": {
      "lcc_frac": 1.0,
      "pass": true
    }
  },
  "tamimi_warnings": [],
  "skeleton_stats": {
    "skel_voxels": 1264,
    "junctions": 862,
    "endpoints": 130,
    "ej_ratio": 0.15081206496519722
  },
  "thick_info": {
    "base_r": 3.58974358974359,
    "min_r": 1.0769230769230769,
    "scale": 0.9798393249511719,
    "bvtv_tgt": 0.42054390172269046,
    "bvtv_got": 0.420556640625
  },
  "params": {
    "ridge": {
      "base_sigma": 4.267977225491539,
      "warp_sigma": 14.0,
      "warp_amp": 3.0,
      "hessian_sigma": 1.4,
      "ridge_strength": 1.0,
      "proto_q_hi": 0.92,
      "proto_q_lo": 0.84,
      "proto_close_iters": 2,
      "proto_open_iters": 0,
      "proto_min_component": 400,
      "use_skeleton": true,
      "skeleton_prune_lmin": 8,
      "reconnect_close_iters": 3,
      "radius_mode": "branch",
      "radius_jitter": 0.15,
      "radius_smooth_sigma": 3.0,
      "radius_scale_hint": 1.0,
      "prune_small_components": 0,
      "aniso_ratio": 3.0
    },
    "gray": {
      "write_gray": true,
      "marrow_mean": 15.0,
      "bone_mean": 240.0,
      "solid_fill_sigma": 3.0,
      "pve_sigma": 0.5,
      "noise_sd": 4.0,
      "bg_tex_sd": 2.0,
      "unsharp": 0.6,
      "unsharp_sigma": 0.8
    }
  },
  "shape_zyx": [
    20,
    64,
    64
  ],
  "voxel_um": 39.0
}