{
  "version": "v15.2_honeycomb",
  "label": "sample_003",
  "seed": 104,
  "morphometrics": {
    "BVTV": 0.32793121337890624,
    "TbTh_um_p50": 135.09996299037243,
    "TbTh_um_p90": 291.8492761683674,
    "TbSp_um_p50": 191.06019993708787,
    "TbSp_um_p90": 365.85242926622755,
    "TbN_per_mm": 2.0905476238160134,
    "Euler": -145.0,
    "ConnProxy": 146.0,
    "n_components": 1,
    "lcc_frac": 1.0
  },
  "targets": {
    "bvtv_target": 0.33,
    "tbth_um_target": 180.0,
    "tbn_target": 1.8333333333333335,
    "tbsp_um_target": 595.0480358521751
  },
  "validation": {
    "BV/TV": {
      "measured": 0.32793121337890624,
      "target": 0.33,
      "rel_error": 0.006269050366950838,
      "pass": true
    },
    "Tb.Th": {
      "measured": 135.09996299037243,
      "target": 180.0,
      "rel_error": 0.24944465005348648,
      "pass": false
    },
    "Tb.N": {
      "measured": 2.0905476238160134,
      "target": 1.8333333333333335,
      "rel_error": 0.1402987038996436,
      "pass": true
    },
    "Tb.Sp": {
      "measured": 191.06019993708787,
      "target": 595.0480358521751,
      "rel_error": 0.678916342168127,
      "pass": false
    },
    "LCC": {
      "lcc_frac": 1.0,
      "pass": true
    }
  },
  "tamimi_warnings": [],
  "skeleton_stats": {},
  "thick_info": {
    "mode": "plate_direct",
    "plate_weight": 0.7,
    "rod_weight": 0.3,
    "calibration": {
      "bvtv_target": 0.33,
      "bvtv_got": 0.32793121337890624,
      "best_err": 0.0020687866210937766
    },
    "used_skeleton": false
  },
  "params": {
    "ridge": {
      "base_sigma": 2.5,
      "warp_sigma": 12.0,
      "warp_amp": 1.2,
      "hessian_sigma": 1.4,
      "ridge_strength": 1.0,
      "proto_q_hi": 0.78,
      "proto_q_lo": 0.65,
      "proto_close_iters": 3,
      "proto_open_iters": 0,
      "proto_min_component": 400,
      "use_skeleton": true,
      "skeleton_prune_lmin": 8,
      "reconnect_close_iters": 3,
      "radius_mode": "branch",
      "radius_jitter": 0.04,
      "radius_smooth_sigma": 3.0,
      "radius_scale_hint": 1.0,
      "prune_small_components": 0,
      "aniso_ratio": 1.0,
      "plate_weight": 0.7,
      "rod_weight": 0.3
    },
    "gray": {
      "write_gray": true,
      "marrow_mean": 15.0,
      "bone_mean": 90.0,
      "solid_fill_sigma": 0.8,
      "pve_sigma": 0.5,
      "noise_sd": 2.0,
      "bg_tex_sd": 0.5,
      "unsharp": 0.6,
      "unsharp_sigma": 0.8
    }
  },
  "shape_zyx": [
    40,
    128,
    128
  ],
  "voxel_um": 39.0
}