{
  "version": "v15",
  "label": "sample_002",
  "seed": 45,
  "morphometrics": {
    "BVTV": 0.3650130401234568,
    "TbTh_um_p50": 110.30865786510142,
    "TbTh_um_p90": 191.06019993708787,
    "TbSp_um_p50": 156.0,
    "TbSp_um_p90": 281.23299948619115,
    "TbN_per_mm": 3.0354468403295214,
    "Euler": -32365.0,
    "ConnProxy": 32366.0,
    "n_components": 1,
    "lcc_frac": 1.0
  },
  "targets": {
    "bvtv_target": 0.3659567335516384,
    "tbth_um_target": 280.0,
    "tbn_target": 1.3069883341129942,
    "tbsp_um_target": 900.0
  },
  "validation": {
    "BV/TV": {
      "measured": 0.3650130401234568,
      "target": 0.3659567335516384,
      "rel_error": 0.0025787021843346105,
      "pass": true
    },
    "Tb.Th": {
      "measured": 110.30865786510142,
      "target": 280.0,
      "rel_error": 0.6060405076246378,
      "pass": false
    },
    "Tb.N": {
      "measured": 3.0354468403295214,
      "target": 1.3069883341129942,
      "rel_error": 1.3224743183263143,
      "pass": false
    },
    "Tb.Sp": {
      "measured": 156.0,
      "target": 900.0,
      "rel_error": 0.8266666666666667,
      "pass": false
    },
    "LCC": {
      "lcc_frac": 1.0,
      "pass": true
    }
  },
  "tamimi_warnings": [],
  "skeleton_stats": {
    "skel_voxels": 848825,
    "junctions": 580832,
    "endpoints": 82966,
    "ej_ratio": 0.1428399261748664
  },
  "thick_info": {
    "base_r": 3.58974358974359,
    "min_r": 1.0769230769230769,
    "scale": 0.7771021723747253,
    "bvtv_tgt": 0.3659567335516384,
    "bvtv_got": 0.36595666152263373
  },
  "params": {
    "ridge": {
      "base_sigma": 4.904601091643882,
      "warp_sigma": 14.0,
      "warp_amp": 4.8,
      "hessian_sigma": 1.4,
      "ridge_strength": 1.0,
      "proto_q_hi": 0.92,
      "proto_q_lo": 0.84,
      "proto_close_iters": 2,
      "proto_open_iters": 0,
      "proto_min_component": 400,
      "use_skeleton": true,
      "skeleton_prune_lmin": 8,
      "reconnect_close_iters": 3,
      "radius_mode": "branch",
      "radius_jitter": 0.15,
      "radius_smooth_sigma": 3.0,
      "radius_scale_hint": 1.0,
      "prune_small_components": 0
    },
    "gray": {
      "write_gray": true,
      "marrow_mean": 50.0,
      "bone_mean": 110.0,
      "solid_fill_sigma": 3.0,
      "pve_sigma": 0.5,
      "noise_sd": 4.0,
      "bg_tex_sd": 2.0,
      "unsharp": 0.6,
      "unsharp_sigma": 0.8
    }
  },
  "shape_zyx": [
    432,
    300,
    300
  ],
  "voxel_um": 39.0
}