{
  "version": "v15 (v14-core, pooled)",
  "sample_label": "sample_001",
  "seed": 44,
  "morphometrics": {
    "BVTV": 0.4564465045928955,
    "TbTh_um_p50": 156.0,
    "TbTh_um_p90": 291.8492761683674,
    "TbSp_um_p50": 174.4133022449836,
    "TbSp_um_p90": 420.0428549564913,
    "TbN_per_mm": 2.811048810166955,
    "Euler": -5390.0,
    "ConnProxy": 5391.0,
    "n_components": 1,
    "lcc_frac": 1.0
  },
  "targets": {
    "bvtv_target": 0.4464620493437137,
    "tbth_um_target": 152.8481599496703,
    "tbn_target": 2.9209514166917305,
    "tbsp_um_target": 124.80000000000001
  },
  "validation": {
    "BV/TV": {
      "measured": 0.4564465045928955,
      "target": 0.4464620493437137,
      "rel_error": 0.022363502707248354,
      "tolerance": 0.05,
      "pass": true
    },
    "Tb.Th (p50, um)": {
      "measured": 156.0,
      "target": 152.8481599496703,
      "rel_error": 0.020620726159657602,
      "tolerance": 0.15,
      "pass": true
    },
    "Tb.N (/mm)": {
      "measured": 2.811048810166955,
      "target": 2.9209514166917305,
      "rel_error": 0.03762561948026214,
      "tolerance": 0.2,
      "pass": true
    },
    "Tb.Sp (p50, um)": {
      "measured": 174.4133022449836,
      "target": 124.80000000000001,
      "rel_error": 0.3975424859373686,
      "tolerance": 0.15,
      "pass": false
    },
    "Connectivity (LCC)": {
      "lcc_frac": 1.0,
      "n_components": 1,
      "pass": true,
      "note": "LCC >= 0.80 required"
    }
  },
  "tamimi_warnings": [],
  "skeleton_stats": {
    "skel_voxels": 15831840,
    "junctions": 15813888,
    "endpoints": 5928,
    "endpoint_junction_ratio": 0.0003748603758923802
  },
  "thick_info": {
    "base_radius_vox": 1.9595917942265424,
    "min_radius_floor": 0.5878775382679627,
    "radius_mode": "branch",
    "scale_fit": 0.5121347159147263,
    "bvtv_target": 0.4464620493437137,
    "bvtv_after_thicken": 0.4569545269012451,
    "warn_target_miss": false
  },
  "params": {
    "ridge": {
      "base_sigma": 2.1945782369487907,
      "warp_sigma": 14.0,
      "warp_amp": 2.0,
      "hessian_sigma": 1.4,
      "ridge_strength": 1.0,
      "proto_q_hi": 0.92,
      "proto_q_lo": 0.84,
      "proto_close_iters": 2,
      "proto_open_iters": 0,
      "proto_min_component": 400,
      "use_skeleton": true,
      "skeleton_prune_lmin": 8,
      "reconnect_close_iters": 3,
      "radius_mode": "branch",
      "radius_jitter": 0.05,
      "radius_smooth_sigma": 4.0,
      "radius_scale_hint": 1.0,
      "prune_small_components": 0
    },
    "gray": {
      "write_gray": true,
      "marrow_mean": 15.0,
      "bone_mean": 240.0,
      "solid_fill_sigma": 3.0,
      "pve_sigma": 0.5,
      "noise_sd": 3.0,
      "bg_tex_sd": 1.0,
      "unsharp": 0.6,
      "unsharp_sigma": 0.8
    }
  },
  "shape_zyx": [
    160,
    512,
    512
  ],
  "voxel_um": 39.0
}