{
  "version": "v15",
  "label": "sample_000",
  "seed": 43,
  "morphometrics": {
    "BVTV": 0.38132937242798354,
    "TbTh_um_p50": 110.30865786510142,
    "TbTh_um_p90": 191.06019993708787,
    "TbSp_um_p50": 135.09996299037243,
    "TbSp_um_p90": 258.6967336477212,
    "TbN_per_mm": 3.1873543041563313,
    "Euler": -48755.0,
    "ConnProxy": 48756.0,
    "n_components": 1,
    "lcc_frac": 1.0
  },
  "targets": {
    "bvtv_target": 0.38347745056872307,
    "tbth_um_target": 216.5957674841755,
    "tbn_target": 1.7704752730070774,
    "tbsp_um_target": 900.0
  },
  "validation": {
    "BV/TV": {
      "measured": 0.38132937242798354,
      "target": 0.38347745056872307,
      "rel_error": 0.005601576148881201,
      "pass": true
    },
    "Tb.Th": {
      "measured": 110.30865786510142,
      "target": 216.5957674841755,
      "rel_error": 0.4907164662247586,
      "pass": false
    },
    "Tb.N": {
      "measured": 3.1873543041563313,
      "target": 1.7704752730070774,
      "rel_error": 0.8002817394578715,
      "pass": false
    },
    "Tb.Sp": {
      "measured": 135.09996299037243,
      "target": 900.0,
      "rel_error": 0.8498889300106973,
      "pass": false
    },
    "LCC": {
      "lcc_frac": 1.0,
      "pass": true
    }
  },
  "tamimi_warnings": [
    "TbSp_um_p50=135.10 outside [150.0,1200.0]"
  ],
  "skeleton_stats": {
    "skel_voxels": 1715890,
    "junctions": 1489379,
    "endpoints": 66228,
    "ej_ratio": 0.0444668549778129
  },
  "thick_info": {
    "base_r": 2.7768688138996858,
    "min_r": 0.8330606441699057,
    "scale": 0.8303833305835724,
    "bvtv_tgt": 0.38347745056872307,
    "bvtv_got": 0.3834774691358025
  },
  "params": {
    "ridge": {
      "base_sigma": 3.6206415915478227,
      "warp_sigma": 14.0,
      "warp_amp": 4.8,
      "hessian_sigma": 1.4,
      "ridge_strength": 1.0,
      "proto_q_hi": 0.92,
      "proto_q_lo": 0.84,
      "proto_close_iters": 2,
      "proto_open_iters": 0,
      "proto_min_component": 400,
      "use_skeleton": true,
      "skeleton_prune_lmin": 8,
      "reconnect_close_iters": 3,
      "radius_mode": "branch",
      "radius_jitter": 0.15,
      "radius_smooth_sigma": 3.0,
      "radius_scale_hint": 1.0,
      "prune_small_components": 0
    },
    "gray": {
      "write_gray": true,
      "marrow_mean": 50.0,
      "bone_mean": 110.0,
      "solid_fill_sigma": 3.0,
      "pve_sigma": 0.5,
      "noise_sd": 4.0,
      "bg_tex_sd": 2.0,
      "unsharp": 0.6,
      "unsharp_sigma": 0.8
    }
  },
  "shape_zyx": [
    432,
    300,
    300
  ],
  "voxel_um": 39.0
}