{
  "version": "v15",
  "label": "sample_000",
  "seed": 43,
  "morphometrics": {
    "BVTV": 0.29925994873046874,
    "TbTh_um_p50": 110.30865786510142,
    "TbTh_um_p90": 220.61731573020285,
    "TbSp_um_p50": 174.4133022449836,
    "TbSp_um_p90": 382.12039987417575,
    "TbN_per_mm": 2.336464539212407,
    "Euler": -304.0,
    "ConnProxy": 305.0,
    "n_components": 1,
    "lcc_frac": 1.0
  },
  "targets": {
    "bvtv_target": 0.3,
    "tbth_um_target": 216.5957674841755,
    "tbn_target": 1.3850686164581587,
    "tbsp_um_target": 700.0
  },
  "validation": {
    "BV/TV": {
      "measured": 0.29925994873046874,
      "target": 0.3,
      "rel_error": 0.002466837565104167,
      "pass": true
    },
    "Tb.Th": {
      "measured": 110.30865786510142,
      "target": 216.5957674841755,
      "rel_error": 0.4907164662247586,
      "pass": false
    },
    "Tb.N": {
      "measured": 2.336464539212407,
      "target": 1.3850686164581587,
      "rel_error": 0.6868944335675725,
      "pass": false
    },
    "Tb.Sp": {
      "measured": 174.4133022449836,
      "target": 700.0,
      "rel_error": 0.7508381396500234,
      "pass": false
    },
    "LCC": {
      "lcc_frac": 1.0,
      "pass": true
    }
  },
  "tamimi_warnings": [],
  "skeleton_stats": {
    "skel_voxels": 21320,
    "junctions": 17918,
    "endpoints": 1070,
    "ej_ratio": 0.05971648621497935
  },
  "thick_info": {
    "base_r": 2.7768688138996858,
    "min_r": 0.8330606441699057,
    "scale": 1.001103401184082,
    "bvtv_tgt": 0.3,
    "bvtv_got": 0.29999847412109376
  },
  "params": {
    "ridge": {
      "base_sigma": 4.5,
      "warp_sigma": 14.0,
      "warp_amp": 1.5,
      "hessian_sigma": 1.2,
      "ridge_strength": 1.0,
      "proto_q_hi": 0.85,
      "proto_q_lo": 0.75,
      "proto_close_iters": 2,
      "proto_open_iters": 0,
      "proto_min_component": 400,
      "use_skeleton": true,
      "skeleton_prune_lmin": 8,
      "reconnect_close_iters": 3,
      "radius_mode": "branch",
      "radius_jitter": 0.05,
      "radius_smooth_sigma": 3.0,
      "radius_scale_hint": 1.0,
      "prune_small_components": 0,
      "aniso_ratio": 1.5
    },
    "gray": {
      "write_gray": true,
      "marrow_mean": 20.0,
      "bone_mean": 60.0,
      "solid_fill_sigma": 1.5,
      "pve_sigma": 0.5,
      "noise_sd": 4.0,
      "bg_tex_sd": 2.0,
      "unsharp": 0.6,
      "unsharp_sigma": 0.8
    }
  },
  "shape_zyx": [
    40,
    128,
    128
  ],
  "voxel_um": 39.0
}