{
  "version": "v16",
  "label": "sample_038",
  "seed": 52,
  "morphometrics": {
    "BVTV": 0.12715301513671876,
    "TbTh_um_p50": 78.0,
    "TbTh_um_p90": 135.09996299037243,
    "TbSp_um_p50": 234.0,
    "TbSp_um_p90": 480.8242922315801,
    "TbN_per_mm": 1.375115446091157,
    "Euler": -178.0,
    "ConnProxy": 179.0,
    "n_components": 1,
    "lcc_frac": 1.0
  },
  "morphometrics_raw": {
    "BVTV": 0.1301605224609375,
    "TbTh_um_p50": 78.0,
    "TbTh_um_p90": 135.09996299037243,
    "TbSp_um_p50": 234.0,
    "TbSp_um_p90": 454.81424779793343,
    "TbN_per_mm": 1.4084733584642715,
    "Euler": -177.0,
    "ConnProxy": 178.0,
    "n_components": 3,
    "lcc_frac": 0.976893859464022
  },
  "targets": {
    "bvtv_target": 0.1425533570695845,
    "tbth_um_target": 169.65820713147025,
    "tbn_target": 0.8402384976231543,
    "tbsp_um_target": 511.980993293399
  },
  "params": {
    "ridge": {
      "base_sigma": 7.047923973173596,
      "warp_sigma": 14.0,
      "warp_amp": 3.0,
      "hessian_sigma": 1.4,
      "ridge_strength": 1.0,
      "proto_q_hi": 0.92,
      "proto_q_lo": 0.84,
      "proto_close_iters": 2,
      "proto_open_iters": 0,
      "proto_min_component": 400,
      "use_skeleton": true,
      "skeleton_prune_lmin": 8,
      "reconnect_close_iters": 3,
      "radius_mode": "branch",
      "radius_jitter": 0.15,
      "radius_smooth_sigma": 3.0,
      "radius_scale_hint": 1.0,
      "prune_small_components": 0,
      "aniso_ratio": 3.0,
      "rod_weight": 1.0,
      "plate_weight": 0.0,
      "coarse_weight": 0.5,
      "medium_weight": 0.35,
      "fine_weight": 0.15,
      "sheet_q": 0.92,
      "bridge_dilate_iters": 0,
      "bridge_close_iters": 0
    },
    "gray": {
      "write_gray": true,
      "marrow_mean": 15.0,
      "bone_mean": 240.0,
      "solid_fill_sigma": 3.0,
      "pve_sigma": 0.5,
      "noise_sd": 3.0,
      "bg_tex_sd": 1.0,
      "unsharp": 0.6,
      "unsharp_sigma": 0.8
    },
    "bs_tbsp_adjusted": 7.047923973173596,
    "tbsp_target": 511.980993293399
  },
  "shape_zyx": [
    40,
    128,
    128
  ],
  "voxel_um": 39.0
}