{
  "version": "v15",
  "label": "sample_210",
  "seed": 2111,
  "morphometrics": {
    "BVTV": 0.25012359619140623,
    "TbTh_um_p50": 110.30865786510142,
    "TbTh_um_p90": 191.06019993708787,
    "TbSp_um_p50": 246.6576574931336,
    "TbSp_um_p90": 562.4659989723823,
    "TbN_per_mm": 2.04079683584325,
    "Euler": -29.0,
    "ConnProxy": 30.0,
    "n_components": 1,
    "lcc_frac": 1.0
  },
  "morphometrics_raw": {
    "BVTV": 0.25012359619140623,
    "TbTh_um_p50": 110.30865786510142,
    "TbTh_um_p90": 191.06019993708787,
    "TbSp_um_p50": 246.6576574931336,
    "TbSp_um_p90": 562.4659989723823,
    "TbN_per_mm": 2.04079683584325,
    "Euler": -29.0,
    "ConnProxy": 30.0,
    "n_components": 1,
    "lcc_frac": 1.0
  },
  "targets": {
    "bvtv_target": 0.2487258364781924,
    "tbth_um_target": 160.2168767195231,
    "tbn_target": 1.5524321879873728,
    "tbsp_um_target": 672.6732620050245
  },
  "params": {
    "ridge": {
      "base_sigma": 5.690693048020098,
      "warp_sigma": 10.0,
      "warp_amp": 1.5,
      "hessian_sigma": 1.4,
      "ridge_strength": 1.0,
      "proto_q_hi": 0.78,
      "proto_q_lo": 0.65,
      "proto_close_iters": 1,
      "proto_open_iters": 0,
      "proto_min_component": 0,
      "use_skeleton": true,
      "skeleton_prune_lmin": 8,
      "reconnect_close_iters": 3,
      "radius_mode": "branch",
      "radius_jitter": 0.04,
      "radius_smooth_sigma": 3.0,
      "radius_scale_hint": 1.0,
      "prune_small_components": 0,
      "aniso_ratio": 1.0,
      "plate_weight": 0.7,
      "rod_weight": 0.3
    },
    "gray": {
      "write_gray": true,
      "marrow_mean": 20.0,
      "bone_mean": 95.0,
      "solid_fill_sigma": 1.8,
      "pve_sigma": 0.5,
      "noise_sd": 3.0,
      "bg_tex_sd": 1.0,
      "unsharp": 0.6,
      "unsharp_sigma": 0.8
    },
    "bs_tbsp_adjusted": 5.690693048020098,
    "tbsp_target": 672.6732620050245,
    "plate_mode": true
  },
  "shape_zyx": [
    40,
    128,
    128
  ],
  "voxel_um": 39.0
}