{
  "version": "v15",
  "label": "sample_018",
  "seed": 61,
  "morphometrics": {
    "BVTV": 0.30836181640625,
    "TbTh_um_p50": 110.30865786510142,
    "TbTh_um_p90": 220.61731573020285,
    "TbSp_um_p50": 191.06019993708787,
    "TbSp_um_p90": 421.47900293603027,
    "TbN_per_mm": 2.3009018996394635,
    "Euler": -16.0,
    "ConnProxy": 17.0,
    "n_components": 1,
    "lcc_frac": 1.0
  },
  "targets": {
    "bvtv_target": 0.30670007010726885,
    "tbth_um_target": 280.0,
    "tbn_target": 1.0953573932402458,
    "tbsp_um_target": 900.0
  },
  "validation": {
    "BV/TV": {
      "measured": 0.30836181640625,
      "target": 0.30670007010726885,
      "rel_error": 0.005418147763709146,
      "pass": true
    },
    "Tb.Th": {
      "measured": 110.30865786510142,
      "target": 280.0,
      "rel_error": 0.6060405076246378,
      "pass": false
    },
    "Tb.N": {
      "measured": 2.3009018996394635,
      "target": 1.0953573932402458,
      "rel_error": 1.1005946678581502,
      "pass": false
    },
    "Tb.Sp": {
      "measured": 191.06019993708787,
      "target": 900.0,
      "rel_error": 0.7877108889587913,
      "pass": false
    },
    "LCC": {
      "lcc_frac": 1.0,
      "pass": true
    }
  },
  "tamimi_warnings": [],
  "skeleton_stats": {
    "skel_voxels": 700,
    "junctions": 367,
    "endpoints": 94,
    "ej_ratio": 0.2561307901907357
  },
  "thick_info": {
    "base_r": 3.58974358974359,
    "min_r": 1.0769230769230769,
    "scale": 0.9643135070800781,
    "bvtv_tgt": 0.30670007010726885,
    "bvtv_got": 0.30670166015625
  },
  "params": {
    "ridge": {
      "base_sigma": 5.852205362209522,
      "warp_sigma": 14.0,
      "warp_amp": 3.0,
      "hessian_sigma": 1.4,
      "ridge_strength": 1.0,
      "proto_q_hi": 0.92,
      "proto_q_lo": 0.84,
      "proto_close_iters": 2,
      "proto_open_iters": 0,
      "proto_min_component": 400,
      "use_skeleton": true,
      "skeleton_prune_lmin": 8,
      "reconnect_close_iters": 3,
      "radius_mode": "branch",
      "radius_jitter": 0.15,
      "radius_smooth_sigma": 3.0,
      "radius_scale_hint": 1.0,
      "prune_small_components": 0,
      "aniso_ratio": 3.0
    },
    "gray": {
      "write_gray": true,
      "marrow_mean": 15.0,
      "bone_mean": 240.0,
      "solid_fill_sigma": 3.0,
      "pve_sigma": 0.5,
      "noise_sd": 4.0,
      "bg_tex_sd": 2.0,
      "unsharp": 0.6,
      "unsharp_sigma": 0.8
    }
  },
  "shape_zyx": [
    20,
    64,
    64
  ],
  "voxel_um": 39.0
}