{
  "version": "v16",
  "label": "sample_000",
  "seed": 50,
  "best_connectivity_score": 2052.099850821415,
  "connectivity": {
    "score": 2052.099850821415,
    "junctions": 37407,
    "endpoints": 17918,
    "ej_ratio": 0.4790012564493277
  },
  "morphometrics": {
    "BVTV": 0.37239723205566405,
    "TbTh_um_p50": 110.30865786510142,
    "TbTh_um_p90": 220.61731573020285,
    "TbSp_um_p50": 156.0,
    "TbSp_um_p90": 330.9259735953042,
    "TbN_per_mm": 2.808097897759905,
    "Euler": -2828.0,
    "ConnProxy": 2829.0,
    "n_components": 1,
    "lcc_frac": 1.0
  },
  "targets": {
    "bvtv_target": 0.38,
    "tbth_um_target": 210.0,
    "tbn_target": 1.8095238095238095,
    "tbsp_um_target": 900.0
  },
  "validation": {
    "BV/TV": {
      "measured": 0.37239723205566405,
      "target": 0.38,
      "rel_error": 0.02000728406404198,
      "tolerance": 0.05,
      "pass": true
    },
    "Tb.Th": {
      "measured": 110.30865786510142,
      "target": 210.0,
      "rel_error": 0.47472067683285035,
      "tolerance": 0.15,
      "pass": false
    },
    "Tb.N": {
      "measured": 2.808097897759905,
      "target": 1.8095238095238095,
      "rel_error": 0.5518435750778423,
      "tolerance": 0.2,
      "pass": false
    },
    "Tb.Sp": {
      "measured": 156.0,
      "target": 900.0,
      "rel_error": 0.8266666666666667,
      "tolerance": 0.15,
      "pass": false
    },
    "Connectivity (LCC)": {
      "lcc_frac": 1.0,
      "n_components": 1,
      "pass": true
    }
  },
  "tamimi_warnings": [],
  "skeleton_stats": {
    "skel_voxels": 90493,
    "junctions": 37407,
    "endpoints": 17918,
    "ej_ratio": 0.4790012564493277
  },
  "component_stats": {
    "n_components": 1,
    "lcc_frac": 1.0
  },
  "thick_info": {
    "base_r": 2.6923076923076925,
    "min_r": 0.8076923076923077,
    "scale": 1.111153781414032,
    "bvtv_tgt": 0.38,
    "bvtv_got": 0.38000030517578126,
    "warn_target_miss": false
  },
  "proto_info": {
    "hysteresis": {
      "thr_lo": 0.48764815270900724,
      "thr_hi": 0.576116478443146
    },
    "used_skeleton": true,
    "skel_mode": "skimage",
    "prune": {
      "prune_lmin": 6,
      "vox_removed": 11212
    },
    "rod_weight": 0.7,
    "plate_weight": 0.3
  },
  "params": {
    "ridge": {
      "base_sigma": 3.8,
      "warp_sigma": 14.0,
      "warp_amp": 3.0,
      "hessian_sigma": 1.4,
      "ridge_strength": 1.0,
      "proto_q_hi": 0.9,
      "proto_q_lo": 0.82,
      "proto_close_iters": 2,
      "proto_open_iters": 0,
      "proto_min_component": 300,
      "use_skeleton": true,
      "skeleton_prune_lmin": 6,
      "reconnect_close_iters": 3,
      "radius_mode": "branch",
      "radius_jitter": 0.15,
      "radius_smooth_sigma": 3.5,
      "radius_scale_hint": 1.2,
      "prune_small_components": 0,
      "aniso_ratio": 2.5,
      "rod_weight": 0.7,
      "plate_weight": 0.3,
      "coarse_weight": 0.5,
      "medium_weight": 0.35,
      "fine_weight": 0.15,
      "sheet_q": 0.88,
      "bridge_dilate_iters": 0,
      "bridge_close_iters": 0
    },
    "gray": {
      "write_gray": true,
      "marrow_mean": 20.0,
      "bone_mean": 65.0,
      "solid_fill_sigma": 3.0,
      "pve_sigma": 0.5,
      "noise_sd": 4.0,
      "bg_tex_sd": 2.0,
      "unsharp": 0.6,
      "unsharp_sigma": 0.8
    },
    "retry_attempts": 8,
    "round_sigma": 1.0
  },
  "shape_zyx": [
    80,
    256,
    256
  ],
  "voxel_um": 39.0
}