{
  "version": "v15",
  "label": "sample_000",
  "seed": 43,
  "morphometrics": {
    "BVTV": 0.3819377899169922,
    "TbTh_um_p50": 110.30865786510142,
    "TbTh_um_p90": 191.06019993708787,
    "TbSp_um_p50": 156.0,
    "TbSp_um_p90": 291.8492761683674,
    "TbN_per_mm": 3.039612038645704,
    "Euler": -3879.0,
    "ConnProxy": 3880.0,
    "n_components": 1,
    "lcc_frac": 1.0
  },
  "targets": {
    "bvtv_target": 0.38347745056872307,
    "tbth_um_target": 216.5957674841755,
    "tbn_target": 1.7704752730070774,
    "tbsp_um_target": 900.0
  },
  "validation": {
    "BV/TV": {
      "measured": 0.3819377899169922,
      "target": 0.38347745056872307,
      "rel_error": 0.004014996577888657,
      "pass": true
    },
    "Tb.Th": {
      "measured": 110.30865786510142,
      "target": 216.5957674841755,
      "rel_error": 0.4907164662247586,
      "pass": false
    },
    "Tb.N": {
      "measured": 3.039612038645704,
      "target": 1.7704752730070774,
      "rel_error": 0.716833940009256,
      "pass": false
    },
    "Tb.Sp": {
      "measured": 156.0,
      "target": 900.0,
      "rel_error": 0.8266666666666667,
      "pass": false
    },
    "LCC": {
      "lcc_frac": 1.0,
      "pass": true
    }
  },
  "tamimi_warnings": [],
  "skeleton_stats": {
    "skel_voxels": 164920,
    "junctions": 134725,
    "endpoints": 9027,
    "ej_ratio": 0.06700315457413249
  },
  "thick_info": {
    "base_r": 2.7768688138996858,
    "min_r": 0.8330606441699057,
    "scale": 1.0206693410873413,
    "bvtv_tgt": 0.38347745056872307,
    "bvtv_got": 0.38347721099853516
  },
  "params": {
    "ridge": {
      "base_sigma": 3.6206415915478227,
      "warp_sigma": 14.0,
      "warp_amp": 2.0,
      "hessian_sigma": 1.4,
      "ridge_strength": 1.0,
      "proto_q_hi": 0.92,
      "proto_q_lo": 0.84,
      "proto_close_iters": 2,
      "proto_open_iters": 0,
      "proto_min_component": 400,
      "use_skeleton": true,
      "skeleton_prune_lmin": 8,
      "reconnect_close_iters": 3,
      "radius_mode": "branch",
      "radius_jitter": 0.05,
      "radius_smooth_sigma": 4.0,
      "radius_scale_hint": 1.0,
      "prune_small_components": 0,
      "aniso_ratio": 3.5
    },
    "gray": {
      "write_gray": true,
      "marrow_mean": 15.0,
      "bone_mean": 240.0,
      "solid_fill_sigma": 3.0,
      "pve_sigma": 0.5,
      "noise_sd": 4.0,
      "bg_tex_sd": 2.0,
      "unsharp": 0.6,
      "unsharp_sigma": 0.8
    }
  },
  "shape_zyx": [
    80,
    256,
    256
  ],
  "voxel_um": 39.0
}