{
  "version": "v16",
  "label": "sample_209",
  "seed": 223,
  "morphometrics": {
    "BVTV": 0.1259674072265625,
    "TbTh_um_p50": 78.0,
    "TbTh_um_p90": 135.09996299037243,
    "TbSp_um_p50": 234.0,
    "TbSp_um_p90": 461.45422308177007,
    "TbN_per_mm": 1.3839422679206725,
    "Euler": -185.0,
    "ConnProxy": 186.0,
    "n_components": 1,
    "lcc_frac": 1.0
  },
  "morphometrics_raw": {
    "BVTV": 0.12794647216796876,
    "TbTh_um_p50": 78.0,
    "TbTh_um_p90": 135.09996299037243,
    "TbSp_um_p50": 234.0,
    "TbSp_um_p90": 441.2346314604057,
    "TbN_per_mm": 1.4060063618358887,
    "Euler": -188.0,
    "ConnProxy": 189.0,
    "n_components": 2,
    "lcc_frac": 0.984532086677559
  },
  "targets": {
    "bvtv_target": 0.1385133937573057,
    "tbth_um_target": 179.0911396518031,
    "tbn_target": 0.7734240455815378,
    "tbsp_um_target": 388.6845633987134
  },
  "params": {
    "ridge": {
      "base_sigma": 6.554738253594854,
      "warp_sigma": 14.0,
      "warp_amp": 3.0,
      "hessian_sigma": 1.4,
      "ridge_strength": 1.0,
      "proto_q_hi": 0.92,
      "proto_q_lo": 0.84,
      "proto_close_iters": 2,
      "proto_open_iters": 0,
      "proto_min_component": 400,
      "use_skeleton": true,
      "skeleton_prune_lmin": 8,
      "reconnect_close_iters": 3,
      "radius_mode": "branch",
      "radius_jitter": 0.15,
      "radius_smooth_sigma": 3.0,
      "radius_scale_hint": 1.0,
      "prune_small_components": 0,
      "aniso_ratio": 3.0,
      "rod_weight": 1.0,
      "plate_weight": 0.0,
      "coarse_weight": 0.5,
      "medium_weight": 0.35,
      "fine_weight": 0.15,
      "sheet_q": 0.92,
      "bridge_dilate_iters": 0,
      "bridge_close_iters": 0
    },
    "gray": {
      "write_gray": true,
      "marrow_mean": 15.0,
      "bone_mean": 240.0,
      "solid_fill_sigma": 3.0,
      "pve_sigma": 0.5,
      "noise_sd": 3.0,
      "bg_tex_sd": 1.0,
      "unsharp": 0.6,
      "unsharp_sigma": 0.8
    },
    "bs_tbsp_adjusted": 6.554738253594854,
    "tbsp_target": 388.6845633987134
  },
  "shape_zyx": [
    40,
    128,
    128
  ],
  "voxel_um": 39.0
}