{
  "version": "v15",
  "label": "sample_060",
  "seed": 103,
  "morphometrics": {
    "BVTV": 0.2988433837890625,
    "TbTh_um_p50": 110.30865786510142,
    "TbTh_um_p90": 174.4133022449836,
    "TbSp_um_p50": 156.0,
    "TbSp_um_p90": 291.8492761683674,
    "TbN_per_mm": 2.623842373802832,
    "Euler": -586.0,
    "ConnProxy": 587.0,
    "n_components": 1,
    "lcc_frac": 1.0
  },
  "morphometrics_raw": {
    "BVTV": 0.2988433837890625,
    "TbTh_um_p50": 110.30865786510142,
    "TbTh_um_p90": 174.4133022449836,
    "TbSp_um_p50": 156.0,
    "TbSp_um_p90": 291.8492761683674,
    "TbN_per_mm": 2.623842373802832,
    "Euler": -586.0,
    "ConnProxy": 587.0,
    "n_components": 1,
    "lcc_frac": 1.0
  },
  "targets": {
    "bvtv_target": 0.2996411173542824,
    "tbth_um_target": 110.0,
    "tbn_target": 2.7240101577662035,
    "tbsp_um_target": 561.6246474631263
  },
  "params": {
    "ridge": {
      "base_sigma": 4.046498589852505,
      "warp_sigma": 8.0,
      "warp_amp": 1.0,
      "hessian_sigma": 1.0,
      "ridge_strength": 1.0,
      "proto_q_hi": 0.82,
      "proto_q_lo": 0.7,
      "proto_close_iters": 1,
      "proto_open_iters": 0,
      "proto_min_component": 400,
      "use_skeleton": true,
      "skeleton_prune_lmin": 8,
      "reconnect_close_iters": 3,
      "radius_mode": "branch",
      "radius_jitter": 0.03,
      "radius_smooth_sigma": 3.0,
      "radius_scale_hint": 1.0,
      "prune_small_components": 0,
      "aniso_ratio": 1.0
    },
    "gray": {
      "write_gray": true,
      "marrow_mean": 20.0,
      "bone_mean": 65.0,
      "solid_fill_sigma": 1.0,
      "pve_sigma": 0.5,
      "noise_sd": 3.0,
      "bg_tex_sd": 1.0,
      "unsharp": 0.6,
      "unsharp_sigma": 0.8
    },
    "bs_tbsp_adjusted": 4.046498589852505,
    "tbsp_target": 561.6246474631263
  },
  "shape_zyx": [
    40,
    128,
    128
  ],
  "voxel_um": 39.0
}