{
  "version": "v15",
  "label": "sample_312",
  "seed": 2113,
  "morphometrics": {
    "BVTV": 0.35265655517578126,
    "TbTh_um_p50": 135.09996299037243,
    "TbTh_um_p90": 281.23299948619115,
    "TbSp_um_p50": 234.0,
    "TbSp_um_p90": 567.8485713638804,
    "TbN_per_mm": 2.248100087506921,
    "Euler": -31.0,
    "ConnProxy": 32.0,
    "n_components": 1,
    "lcc_frac": 1.0
  },
  "morphometrics_raw": {
    "BVTV": 0.35265655517578126,
    "TbTh_um_p50": 135.09996299037243,
    "TbTh_um_p90": 281.23299948619115,
    "TbSp_um_p50": 234.0,
    "TbSp_um_p90": 567.8485713638804,
    "TbN_per_mm": 2.248100087506921,
    "Euler": -31.0,
    "ConnProxy": 32.0,
    "n_components": 1,
    "lcc_frac": 1.0
  },
  "targets": {
    "bvtv_target": 0.3495088731196739,
    "tbth_um_target": 264.0049295704953,
    "tbn_target": 1.3238725265027567,
    "tbsp_um_target": 738.0835061171258
  },
  "params": {
    "ridge": {
      "base_sigma": 5.952334024468503,
      "warp_sigma": 10.0,
      "warp_amp": 1.5,
      "hessian_sigma": 1.4,
      "ridge_strength": 1.0,
      "proto_q_hi": 0.78,
      "proto_q_lo": 0.65,
      "proto_close_iters": 1,
      "proto_open_iters": 0,
      "proto_min_component": 0,
      "use_skeleton": true,
      "skeleton_prune_lmin": 8,
      "reconnect_close_iters": 3,
      "radius_mode": "branch",
      "radius_jitter": 0.04,
      "radius_smooth_sigma": 3.0,
      "radius_scale_hint": 1.0,
      "prune_small_components": 0,
      "aniso_ratio": 1.0,
      "plate_weight": 0.7,
      "rod_weight": 0.3
    },
    "gray": {
      "write_gray": true,
      "marrow_mean": 20.0,
      "bone_mean": 95.0,
      "solid_fill_sigma": 1.8,
      "pve_sigma": 0.5,
      "noise_sd": 3.0,
      "bg_tex_sd": 1.0,
      "unsharp": 0.6,
      "unsharp_sigma": 0.8
    },
    "bs_tbsp_adjusted": 5.952334024468503,
    "tbsp_target": 738.0835061171258,
    "plate_mode": true
  },
  "shape_zyx": [
    40,
    128,
    128
  ],
  "voxel_um": 39.0
}