{
  "version": "v16",
  "label": "sample_000",
  "seed": 45,
  "best_connectivity_score": 2021.0303059875073,
  "connectivity": {
    "score": 2021.0303059875073,
    "junctions": 27035,
    "endpoints": 21348,
    "ej_ratio": 0.7896430552986868
  },
  "morphometrics": {
    "BVTV": 0.20195541381835938,
    "TbTh_um_p50": 78.0,
    "TbTh_um_p90": 135.09996299037243,
    "TbSp_um_p50": 174.4133022449836,
    "TbSp_um_p90": 330.9259735953042,
    "TbN_per_mm": 2.0745109367974233,
    "Euler": -3867.0,
    "ConnProxy": 3868.0,
    "n_components": 1,
    "lcc_frac": 1.0
  },
  "targets": {
    "bvtv_target": 0.22,
    "tbth_um_target": 180.0,
    "tbn_target": 1.2222222222222223,
    "tbsp_um_target": 900.0
  },
  "validation": {
    "BV/TV": {
      "measured": 0.20195541381835938,
      "target": 0.22,
      "rel_error": 0.08202084628018463,
      "tolerance": 0.05,
      "pass": false
    },
    "Tb.Th": {
      "measured": 78.0,
      "target": 180.0,
      "rel_error": 0.5666666666666667,
      "tolerance": 0.15,
      "pass": false
    },
    "Tb.N": {
      "measured": 2.0745109367974233,
      "target": 1.2222222222222223,
      "rel_error": 0.6973271301069826,
      "tolerance": 0.2,
      "pass": false
    },
    "Tb.Sp": {
      "measured": 174.4133022449836,
      "target": 900.0,
      "rel_error": 0.8062074419500183,
      "tolerance": 0.15,
      "pass": false
    },
    "Connectivity (LCC)": {
      "lcc_frac": 1.0,
      "n_components": 1,
      "pass": true
    }
  },
  "tamimi_warnings": [
    "TbTh_um_p50=78.00 outside [80.0,300.0]"
  ],
  "skeleton_stats": {
    "skel_voxels": 94436,
    "junctions": 27035,
    "endpoints": 21348,
    "ej_ratio": 0.7896430552986868
  },
  "component_stats": {
    "n_components": 1,
    "lcc_frac": 1.0
  },
  "thick_info": {
    "base_r": 2.3076923076923075,
    "min_r": 0.6923076923076922,
    "scale": 0.8675087541341782,
    "bvtv_tgt": 0.22,
    "bvtv_got": 0.2200000762939453,
    "warn_target_miss": false
  },
  "proto_info": {
    "hysteresis": {
      "thr_lo": 0.6249955296516418,
      "thr_hi": 0.726462861299515
    },
    "used_skeleton": true,
    "skel_mode": "skimage",
    "prune": {
      "prune_lmin": 6,
      "vox_removed": 15533
    },
    "rod_weight": 0.92,
    "plate_weight": 0.08
  },
  "params": {
    "ridge": {
      "base_sigma": 5.244755244755244,
      "warp_sigma": 14.0,
      "warp_amp": 2.0,
      "hessian_sigma": 1.4,
      "ridge_strength": 1.0,
      "proto_q_hi": 0.91,
      "proto_q_lo": 0.84,
      "proto_close_iters": 2,
      "proto_open_iters": 0,
      "proto_min_component": 250,
      "use_skeleton": true,
      "skeleton_prune_lmin": 6,
      "reconnect_close_iters": 0,
      "radius_mode": "branch",
      "radius_jitter": 0.05,
      "radius_smooth_sigma": 4.0,
      "radius_scale_hint": 1.0,
      "prune_small_components": 0,
      "aniso_ratio": 1.8,
      "rod_weight": 0.92,
      "plate_weight": 0.08,
      "coarse_weight": 0.5,
      "medium_weight": 0.35,
      "fine_weight": 0.15,
      "sheet_q": 0.92,
      "bridge_dilate_iters": 0,
      "bridge_close_iters": 0
    },
    "gray": {
      "write_gray": true,
      "marrow_mean": 15.0,
      "bone_mean": 240.0,
      "solid_fill_sigma": 3.0,
      "pve_sigma": 0.5,
      "noise_sd": 4.0,
      "bg_tex_sd": 2.0,
      "unsharp": 0.6,
      "unsharp_sigma": 0.8
    },
    "retry_attempts": 4,
    "round_sigma": 0.8
  },
  "shape_zyx": [
    80,
    256,
    256
  ],
  "voxel_um": 39.0
}