{
  "version": "v15",
  "label": "sample_001",
  "seed": 102,
  "morphometrics": {
    "BVTV": 0.40787086486816404,
    "TbTh_um_p50": 220.61731573020285,
    "TbTh_um_p90": 397.7235220602372,
    "TbSp_um_p50": 357.4409042065555,
    "TbSp_um_p90": 889.3368315773275,
    "TbN_per_mm": 1.7851466926932285,
    "Euler": 109.0,
    "ConnProxy": -108.0,
    "n_components": 1,
    "lcc_frac": 1.0
  },
  "targets": {
    "bvtv_target": 0.40717727719326974,
    "tbth_um_target": 252.24011339853365,
    "tbn_target": 1.6142447436579561,
    "tbsp_um_target": 900.0
  },
  "validation": {
    "BV/TV": {
      "measured": 0.40787086486816404,
      "target": 0.40717727719326974,
      "rel_error": 0.0017034046685397083,
      "pass": true
    },
    "Tb.Th": {
      "measured": 220.61731573020285,
      "target": 252.24011339853365,
      "rel_error": 0.12536783797891615,
      "pass": true
    },
    "Tb.N": {
      "measured": 1.7851466926932285,
      "target": 1.6142447436579561,
      "rel_error": 0.10587115101765815,
      "pass": true
    },
    "Tb.Sp": {
      "measured": 357.4409042065555,
      "target": 900.0,
      "rel_error": 0.6028434397704939,
      "pass": false
    },
    "LCC": {
      "lcc_frac": 1.0,
      "pass": true
    }
  },
  "tamimi_warnings": [],
  "skeleton_stats": {
    "skel_voxels": 889829,
    "junctions": 889408,
    "endpoints": 117,
    "ej_ratio": 0.00013154817586529468
  },
  "thick_info": {
    "base_r": 3.2338476076735083,
    "min_r": 0.9701542823020525,
    "scale": 0.914623349905014,
    "bvtv_tgt": 0.40717727719326974,
    "bvtv_got": 0.4075918197631836
  },
  "params": {
    "ridge": {
      "base_sigma": 5.0,
      "warp_sigma": 14.0,
      "warp_amp": 3.0,
      "hessian_sigma": 1.8,
      "ridge_strength": 1.0,
      "proto_q_hi": 0.88,
      "proto_q_lo": 0.8,
      "proto_close_iters": 4,
      "proto_open_iters": 0,
      "proto_min_component": 200,
      "use_skeleton": true,
      "skeleton_prune_lmin": 8,
      "reconnect_close_iters": 5,
      "radius_mode": "branch",
      "radius_jitter": 0.1,
      "radius_smooth_sigma": 3.0,
      "radius_scale_hint": 1.0,
      "prune_small_components": 0,
      "aniso_ratio": 3.5
    },
    "gray": {
      "write_gray": true,
      "marrow_mean": 15.0,
      "bone_mean": 200.0,
      "solid_fill_sigma": 1.5,
      "pve_sigma": 0.5,
      "noise_sd": 4.0,
      "bg_tex_sd": 2.0,
      "unsharp": 0.6,
      "unsharp_sigma": 0.8
    }
  },
  "shape_zyx": [
    80,
    256,
    256
  ],
  "voxel_um": 39.0
}