{
  "version": "v15",
  "label": "sample_001",
  "seed": 102,
  "morphometrics": {
    "BVTV": 0.2986328125,
    "TbTh_um_p50": 110.30865786510142,
    "TbTh_um_p90": 174.4133022449836,
    "TbSp_um_p50": 174.4133022449836,
    "TbSp_um_p90": 339.99411759617254,
    "TbN_per_mm": 2.5346670970921177,
    "Euler": -343.0,
    "ConnProxy": 344.0,
    "n_components": 1,
    "lcc_frac": 1.0
  },
  "targets": {
    "bvtv_target": 0.3,
    "tbth_um_target": 240.0,
    "tbn_target": 1.25,
    "tbsp_um_target": 700.0
  },
  "validation": {
    "BV/TV": {
      "measured": 0.2986328125,
      "target": 0.3,
      "rel_error": 0.004557291666666593,
      "pass": true
    },
    "Tb.Th": {
      "measured": 110.30865786510142,
      "target": 240.0,
      "rel_error": 0.540380592228744,
      "pass": false
    },
    "Tb.N": {
      "measured": 2.5346670970921177,
      "target": 1.25,
      "rel_error": 1.027733677673694,
      "pass": false
    },
    "Tb.Sp": {
      "measured": 174.4133022449836,
      "target": 700.0,
      "rel_error": 0.7508381396500234,
      "pass": false
    },
    "LCC": {
      "lcc_frac": 1.0,
      "pass": true
    }
  },
  "tamimi_warnings": [],
  "skeleton_stats": {
    "skel_voxels": 13452,
    "junctions": 9707,
    "endpoints": 1165,
    "ej_ratio": 0.12001648295044813
  },
  "thick_info": {
    "base_r": 3.076923076923077,
    "min_r": 0.9230769230769231,
    "scale": 0.8117618560791016,
    "bvtv_tgt": 0.3,
    "bvtv_got": 0.30000152587890627
  },
  "params": {
    "ridge": {
      "base_sigma": 4.5,
      "warp_sigma": 14.0,
      "warp_amp": 4.8,
      "hessian_sigma": 1.4,
      "ridge_strength": 1.0,
      "proto_q_hi": 0.92,
      "proto_q_lo": 0.84,
      "proto_close_iters": 2,
      "proto_open_iters": 0,
      "proto_min_component": 400,
      "use_skeleton": true,
      "skeleton_prune_lmin": 8,
      "reconnect_close_iters": 3,
      "radius_mode": "branch",
      "radius_jitter": 0.15,
      "radius_smooth_sigma": 3.0,
      "radius_scale_hint": 1.0,
      "prune_small_components": 0,
      "aniso_ratio": 2.5
    },
    "gray": {
      "write_gray": true,
      "marrow_mean": 5.0,
      "bone_mean": 200.0,
      "solid_fill_sigma": 0.5,
      "pve_sigma": 0.5,
      "noise_sd": 6.0,
      "bg_tex_sd": 2.0,
      "unsharp": 0.6,
      "unsharp_sigma": 0.8
    }
  },
  "shape_zyx": [
    40,
    128,
    128
  ],
  "voxel_um": 39.0
}