{
  "version": "v16",
  "label": "sample_000",
  "seed": 47,
  "best_connectivity_score": 1930.0826021476755,
  "connectivity": {
    "score": 1930.0826021476755,
    "junctions": 12234,
    "endpoints": 19711,
    "ej_ratio": 1.611165604054275
  },
  "morphometrics": {
    "BVTV": 0.3686975479125977,
    "TbTh_um_p50": 110.30865786510142,
    "TbTh_um_p90": 220.61731573020285,
    "TbSp_um_p50": 156.0,
    "TbSp_um_p90": 321.60223879817755,
    "TbN_per_mm": 2.867102240635693,
    "Euler": -2901.0,
    "ConnProxy": 2902.0,
    "n_components": 1,
    "lcc_frac": 1.0
  },
  "targets": {
    "bvtv_target": 0.38,
    "tbth_um_target": 210.0,
    "tbn_target": 1.8095238095238095,
    "tbsp_um_target": 900.0
  },
  "validation": {
    "BV/TV": {
      "measured": 0.3686975479125977,
      "target": 0.38,
      "rel_error": 0.029743294966848226,
      "tolerance": 0.05,
      "pass": true
    },
    "Tb.Th": {
      "measured": 110.30865786510142,
      "target": 210.0,
      "rel_error": 0.47472067683285035,
      "tolerance": 0.15,
      "pass": false
    },
    "Tb.N": {
      "measured": 2.867102240635693,
      "target": 1.8095238095238095,
      "rel_error": 0.584451238246041,
      "tolerance": 0.2,
      "pass": false
    },
    "Tb.Sp": {
      "measured": 156.0,
      "target": 900.0,
      "rel_error": 0.8266666666666667,
      "tolerance": 0.15,
      "pass": false
    },
    "Connectivity (LCC)": {
      "lcc_frac": 1.0,
      "n_components": 1,
      "pass": true
    }
  },
  "tamimi_warnings": [],
  "skeleton_stats": {
    "skel_voxels": 62750,
    "junctions": 12234,
    "endpoints": 19711,
    "ej_ratio": 1.611165604054275
  },
  "component_stats": {
    "n_components": 1,
    "lcc_frac": 1.0
  },
  "thick_info": {
    "base_r": 2.6923076923076925,
    "min_r": 0.8076923076923077,
    "scale": 1.1183115243911743,
    "bvtv_tgt": 0.38,
    "bvtv_got": 0.38000030517578126,
    "warn_target_miss": false
  },
  "proto_info": {
    "hysteresis": {
      "thr_lo": 0.5569516313076018,
      "thr_hi": 0.634610796570778
    },
    "used_skeleton": true,
    "skel_mode": "skimage",
    "prune": {
      "prune_lmin": 12,
      "vox_removed": 25044
    },
    "rod_weight": 0.7,
    "plate_weight": 0.3
  },
  "params": {
    "ridge": {
      "base_sigma": 5.5,
      "warp_sigma": 14.0,
      "warp_amp": 3.0,
      "hessian_sigma": 1.4,
      "ridge_strength": 1.0,
      "proto_q_hi": 0.93,
      "proto_q_lo": 0.86,
      "proto_close_iters": 2,
      "proto_open_iters": 0,
      "proto_min_component": 400,
      "use_skeleton": true,
      "skeleton_prune_lmin": 12,
      "reconnect_close_iters": 1,
      "radius_mode": "branch",
      "radius_jitter": 0.15,
      "radius_smooth_sigma": 4.0,
      "radius_scale_hint": 2.0,
      "prune_small_components": 0,
      "aniso_ratio": 2.5,
      "rod_weight": 0.7,
      "plate_weight": 0.3,
      "coarse_weight": 0.5,
      "medium_weight": 0.35,
      "fine_weight": 0.15,
      "sheet_q": 0.88,
      "bridge_dilate_iters": 0,
      "bridge_close_iters": 0
    },
    "gray": {
      "write_gray": true,
      "marrow_mean": 20.0,
      "bone_mean": 65.0,
      "solid_fill_sigma": 3.0,
      "pve_sigma": 0.5,
      "noise_sd": 4.0,
      "bg_tex_sd": 2.0,
      "unsharp": 0.6,
      "unsharp_sigma": 0.8
    },
    "retry_attempts": 8,
    "round_sigma": 1.0
  },
  "shape_zyx": [
    80,
    256,
    256
  ],
  "voxel_um": 39.0
}