{
  "version": "v16",
  "n": 1,
  "pooled": {
    "n": 20,
    "voxel_um": 39.0,
    "BVTV": {
      "mean": 0.35329335944001283,
      "std": 0.09905611839361057,
      "min": 0.2041391718106996,
      "max": 0.557055529835391
    },
    "TbTh_um": {
      "mean": 688.2097918614696,
      "std": 453.48195376000655,
      "min": 191.06019993708787,
      "max": 1406.164997430956
    },
    "TbSp_um": {
      "mean": 1403.995069418915,
      "std": 1322.9045487288101,
      "min": 156.0,
      "max": 3735.866164626351
    },
    "TbN_per_mm": {
      "mean": 0.9557337845194631,
      "std": 0.7731511644440449,
      "min": 0.20626180187498327,
      "max": 2.1946512509993656
    }
  },
  "gray": {
    "marrow": 15.0,
    "bone": 240.0
  },
  "samples": [
    {
      "label": "sample_000",
      "seed": 45,
      "bvtv": 0.22,
      "bvtv_m": 0.20195541381835938,
      "connectivity_score": 2021.0303059875073
    }
  ]
}