{
  "version": "v15",
  "label": "sample_000",
  "seed": 101,
  "morphometrics": {
    "BVTV": 0.23743896484375,
    "TbTh_um_p50": 78.0,
    "TbTh_um_p90": 156.0,
    "TbSp_um_p50": 174.4133022449836,
    "TbSp_um_p90": 321.60223879817755,
    "TbN_per_mm": 2.2400989391923636,
    "Euler": -576.0,
    "ConnProxy": 577.0,
    "n_components": 1,
    "lcc_frac": 1.0
  },
  "targets": {
    "bvtv_target": 0.23863098454840032,
    "tbth_um_target": 240.0,
    "tbn_target": 0.994295768951668,
    "tbsp_um_target": 700.0
  },
  "validation": {
    "BV/TV": {
      "measured": 0.23743896484375,
      "target": 0.23863098454840032,
      "rel_error": 0.004995242788383817,
      "pass": true
    },
    "Tb.Th": {
      "measured": 78.0,
      "target": 240.0,
      "rel_error": 0.675,
      "pass": false
    },
    "Tb.N": {
      "measured": 2.2400989391923636,
      "target": 0.994295768951668,
      "rel_error": 1.2529502881765286,
      "pass": false
    },
    "Tb.Sp": {
      "measured": 174.4133022449836,
      "target": 700.0,
      "rel_error": 0.7508381396500234,
      "pass": false
    },
    "LCC": {
      "lcc_frac": 1.0,
      "pass": true
    }
  },
  "tamimi_warnings": [
    "TbTh_um_p50=78.00 outside [80.0,300.0]"
  ],
  "skeleton_stats": {
    "skel_voxels": 45341,
    "junctions": 42934,
    "endpoints": 748,
    "ej_ratio": 0.01742208971910374
  },
  "thick_info": {
    "base_r": 3.076923076923077,
    "min_r": 0.9230769230769231,
    "scale": 0.463450163602829,
    "bvtv_tgt": 0.23863098454840032,
    "bvtv_got": 0.23862762451171876
  },
  "params": {
    "ridge": {
      "base_sigma": 4.5,
      "warp_sigma": 8.0,
      "warp_amp": 1.0,
      "hessian_sigma": 1.0,
      "ridge_strength": 1.0,
      "proto_q_hi": 0.82,
      "proto_q_lo": 0.7,
      "proto_close_iters": 1,
      "proto_open_iters": 0,
      "proto_min_component": 400,
      "use_skeleton": true,
      "skeleton_prune_lmin": 8,
      "reconnect_close_iters": 3,
      "radius_mode": "branch",
      "radius_jitter": 0.03,
      "radius_smooth_sigma": 3.0,
      "radius_scale_hint": 1.0,
      "prune_small_components": 0,
      "aniso_ratio": 1.0
    },
    "gray": {
      "write_gray": true,
      "marrow_mean": 15.0,
      "bone_mean": 90.0,
      "solid_fill_sigma": 0.8,
      "pve_sigma": 0.5,
      "noise_sd": 5.0,
      "bg_tex_sd": 2.0,
      "unsharp": 0.6,
      "unsharp_sigma": 0.8
    }
  },
  "shape_zyx": [
    40,
    128,
    128
  ],
  "voxel_um": 39.0
}